#
# There is insufficient memory for the Java Runtime Environment to continue.
# Native memory allocation (mmap) failed to map 65536 bytes. Error detail: Failed to commit metaspace.
# Possible reasons:
#   The system is out of physical RAM or swap space
#   This process is running with CompressedOops enabled, and the Java Heap may be blocking the growth of the native heap
# Possible solutions:
#   Reduce memory load on the system
#   Increase physical memory or swap space
#   Check if swap backing store is full
#   Decrease Java heap size (-Xmx/-Xms)
#   Decrease number of Java threads
#   Decrease Java thread stack sizes (-Xss)
#   Set larger code cache with -XX:ReservedCodeCacheSize=
#   JVM is running with Zero Based Compressed Oops mode in which the Java heap is
#     placed in the first 32GB address space. The Java Heap base address is the
#     maximum limit for the native heap growth. Please use -XX:HeapBaseMinAddress
#     to set the Java Heap base and to place the Java Heap above 32GB virtual address.
# This output file may be truncated or incomplete.
#
#  Out of Memory Error (virtualSpaceNode.cpp:110), pid=11788, tid=42308
#
# JRE version: OpenJDK Runtime Environment Temurin-17.0.19+10 (17.0.19+10) (build 17.0.19+10)
# Java VM: OpenJDK 64-Bit Server VM Temurin-17.0.19+10 (17.0.19+10, mixed mode, emulated-client, sharing, tiered, compressed oops, compressed class ptrs, g1 gc, windows-amd64)
# No core dump will be written. Minidumps are not enabled by default on client versions of Windows
#

---------------  S U M M A R Y ------------

Command Line: --add-opens=java.base/java.lang=ALL-UNNAMED --add-opens=java.base/java.lang.invoke=ALL-UNNAMED --add-opens=java.base/java.util=ALL-UNNAMED --add-opens=java.prefs/java.util.prefs=ALL-UNNAMED --add-exports=jdk.compiler/com.sun.tools.javac.api=ALL-UNNAMED --add-exports=jdk.compiler/com.sun.tools.javac.util=ALL-UNNAMED --add-opens=java.base/java.util=ALL-UNNAMED --add-opens=java.prefs/java.util.prefs=ALL-UNNAMED --add-opens=java.base/java.nio.charset=ALL-UNNAMED --add-opens=java.base/java.net=ALL-UNNAMED --add-opens=java.base/java.util.concurrent=ALL-UNNAMED --add-opens=java.base/java.util.concurrent.atomic=ALL-UNNAMED --add-opens=java.xml/javax.xml.namespace=ALL-UNNAMED --add-opens=java.base/java.time=ALL-UNNAMED -XX:MaxMetaspaceSize=1024m -XX:ReservedCodeCacheSize=256m -XX:ActiveProcessorCount=2 -XX:CICompilerCount=2 -XX:TieredStopAtLevel=1 -Xss1m -Xmx6144m -Dfile.encoding=UTF-8 -Duser.country=US -Duser.language=en -Duser.variant -javaagent:C:\Users\DELL\.gradle\wrapper\dists\gradle-9.3.1-bin\23ovyewtku6u96viwx3xl3oks\gradle-9.3.1\lib\agents\gradle-instrumentation-agent-9.3.1.jar org.gradle.launcher.daemon.bootstrap.GradleDaemon 9.3.1

Host: AMD Ryzen 5 5625U with Radeon Graphics         , 12 cores, 11G,  Windows 11 , 64 bit Build 26100 (10.0.26100.9549)
Time: Fri Oct  2 21:44:27 2026 India Standard Time elapsed time: 84.937372 seconds (0d 0h 1m 24s)

---------------  T H R E A D  ---------------

Current thread (0x000001f4ff7fd380):  JavaThread "Daemon worker" [_thread_in_vm, id=42308, stack(0x0000000c37500000,0x0000000c37600000)]

Stack: [0x0000000c37500000,0x0000000c37600000]
Native frames: (J=compiled Java code, j=interpreted, Vv=VM code, C=native code)
V  [jvm.dll+0x684b29]
V  [jvm.dll+0x83a2d5]
V  [jvm.dll+0x83bd4e]
V  [jvm.dll+0x83c3d3]
V  [jvm.dll+0x24905f]
V  [jvm.dll+0x8360bd]
V  [jvm.dll+0x62941d]
V  [jvm.dll+0x1c07e0]
V  [jvm.dll+0x62bd92]
V  [jvm.dll+0x629dd6]
V  [jvm.dll+0x633ca8]
V  [jvm.dll+0x25159a]
V  [jvm.dll+0x252b20]
V  [jvm.dll+0x1e30d7]
V  [jvm.dll+0x1e264d]
V  [jvm.dll+0x5482f3]
V  [jvm.dll+0x7b4f98]
V  [jvm.dll+0x7b5094]
V  [jvm.dll+0x414d34]
V  [jvm.dll+0x41b799]
C  [java.dll+0x17ec]

Java frames: (J=compiled Java code, j=interpreted, Vv=VM code)
J 696  java.lang.ClassLoader.defineClass1(Ljava/lang/ClassLoader;Ljava/lang/String;[BIILjava/security/ProtectionDomain;Ljava/lang/String;)Ljava/lang/Class; java.base@17.0.19 (0 bytes) @ 0x000001f48020c703 [0x000001f48020c640+0x00000000000000c3]
J 998 c1 java.lang.ClassLoader.defineClass(Ljava/lang/String;[BIILjava/security/ProtectionDomain;)Ljava/lang/Class; java.base@17.0.19 (43 bytes) @ 0x000001f4802857ec [0x000001f4802856e0+0x000000000000010c]
J 836 c1 java.net.URLClassLoader.defineClass(Ljava/lang/String;Ljdk/internal/loader/Resource;)Ljava/lang/Class; java.base@17.0.19 (224 bytes) @ 0x000001f48024b694 [0x000001f48024aae0+0x0000000000000bb4]
J 778 c1 java.net.URLClassLoader$1.run()Ljava/lang/Class; java.base@17.0.19 (81 bytes) @ 0x000001f480230e44 [0x000001f480230b80+0x00000000000002c4]
J 736 c1 java.net.URLClassLoader.findClass(Ljava/lang/String;)Ljava/lang/Class; java.base@17.0.19 (47 bytes) @ 0x000001f48021e664 [0x000001f48021e520+0x0000000000000144]
J 692 c1 java.lang.ClassLoader.loadClass(Ljava/lang/String;Z)Ljava/lang/Class; java.base@17.0.19 (121 bytes) @ 0x000001f48020cf6c [0x000001f48020cce0+0x000000000000028c]
J 692 c1 java.lang.ClassLoader.loadClass(Ljava/lang/String;Z)Ljava/lang/Class; java.base@17.0.19 (121 bytes) @ 0x000001f48020cebc [0x000001f48020cce0+0x00000000000001dc]
J 699 c1 java.lang.ClassLoader.loadClass(Ljava/lang/String;)Ljava/lang/Class; java.base@17.0.19 (7 bytes) @ 0x000001f48020f984 [0x000001f48020f940+0x0000000000000044]
v  ~StubRoutines::call_stub
J 696  java.lang.ClassLoader.defineClass1(Ljava/lang/ClassLoader;Ljava/lang/String;[BIILjava/security/ProtectionDomain;Ljava/lang/String;)Ljava/lang/Class; java.base@17.0.19 (0 bytes) @ 0x000001f48020c703 [0x000001f48020c640+0x00000000000000c3]
J 998 c1 java.lang.ClassLoader.defineClass(Ljava/lang/String;[BIILjava/security/ProtectionDomain;)Ljava/lang/Class; java.base@17.0.19 (43 bytes) @ 0x000001f4802857ec [0x000001f4802856e0+0x000000000000010c]
J 836 c1 java.net.URLClassLoader.defineClass(Ljava/lang/String;Ljdk/internal/loader/Resource;)Ljava/lang/Class; java.base@17.0.19 (224 bytes) @ 0x000001f48024b694 [0x000001f48024aae0+0x0000000000000bb4]
J 778 c1 java.net.URLClassLoader$1.run()Ljava/lang/Class; java.base@17.0.19 (81 bytes) @ 0x000001f480230e44 [0x000001f480230b80+0x00000000000002c4]
J 736 c1 java.net.URLClassLoader.findClass(Ljava/lang/String;)Ljava/lang/Class; java.base@17.0.19 (47 bytes) @ 0x000001f48021e664 [0x000001f48021e520+0x0000000000000144]
J 2523 c1 org.gradle.internal.classloader.TransformingClassLoader.findClass(Ljava/lang/String;)Ljava/lang/Class; (203 bytes) @ 0x000001f4805001bc [0x000001f4804ff940+0x000000000000087c]
J 692 c1 java.lang.ClassLoader.loadClass(Ljava/lang/String;Z)Ljava/lang/Class; java.base@17.0.19 (121 bytes) @ 0x000001f48020cf6c [0x000001f48020cce0+0x000000000000028c]
J 699 c1 java.lang.ClassLoader.loadClass(Ljava/lang/String;)Ljava/lang/Class; java.base@17.0.19 (7 bytes) @ 0x000001f48020f984 [0x000001f48020f940+0x0000000000000044]
v  ~StubRoutines::call_stub
J 2144  java.lang.Class.getDeclaredMethods0(Z)[Ljava/lang/reflect/Method; java.base@17.0.19 (0 bytes) @ 0x000001f480462f03 [0x000001f480462ec0+0x0000000000000043]
J 2146 c1 java.lang.Class.privateGetDeclaredMethods(Z)[Ljava/lang/reflect/Method; java.base@17.0.19 (64 bytes) @ 0x000001f480466824 [0x000001f480466780+0x00000000000000a4]
J 3186 c1 org.gradle.internal.reflect.ClassInspector.inspectClass(Ljava/lang/Class;Lorg/gradle/internal/reflect/MutableClassDetails;)V (179 bytes) @ 0x000001f4805843dc [0x000001f480584340+0x000000000000009c]
j  org.gradle.internal.reflect.ClassInspector.visitGraph(Ljava/lang/Class;Lorg/gradle/internal/reflect/MutableClassDetails;)V+81
j  org.gradle.internal.reflect.ClassInspector.inspect(Ljava/lang/Class;)Lorg/gradle/internal/reflect/ClassDetails;+11
j  org.gradle.internal.instantiation.generator.AbstractClassGenerator.inspectType(Ljava/lang/Class;Ljava/util/List;Ljava/util/List;Lorg/gradle/internal/instantiation/generator/AbstractClassGenerator$UnclaimedPropertyHandler;)V+1
j  org.gradle.internal.instantiation.generator.AbstractClassGenerator.generateUnderLock(Ljava/lang/Class;)Lorg/gradle/internal/instantiation/generator/AbstractClassGenerator$GeneratedClassImpl;+363
j  org.gradle.internal.instantiation.generator.AbstractClassGenerator$$Lambda$131+0x000001f4971ad258.apply(Ljava/lang/Object;)Ljava/lang/Object;+8
j  org.gradle.cache.internal.DefaultCrossBuildInMemoryCacheFactory$AbstractCrossBuildInMemoryCache.produce(Ljava/util/function/Function;Ljava/lang/Object;)Ljava/lang/Object;+2
j  org.gradle.cache.internal.DefaultCrossBuildInMemoryCacheFactory$AbstractCrossBuildInMemoryCache.produceAndRetain(Ljava/util/function/Function;Ljava/lang/Object;)Ljava/lang/Object;+3
j  org.gradle.cache.internal.DefaultCrossBuildInMemoryCacheFactory$AbstractCrossBuildInMemoryCache.lambda$get$1(Ljava/util/function/Function;Ljava/lang/Object;)Ljava/lang/Object;+3
j  org.gradle.cache.internal.DefaultCrossBuildInMemoryCacheFactory$AbstractCrossBuildInMemoryCache$$Lambda$130+0x000001f4971af798.get()Ljava/lang/Object;+12
j  org.gradle.internal.lazy.LockingLazy.get()Ljava/lang/Object;+22
j  org.gradle.cache.internal.DefaultCrossBuildInMemoryCacheFactory$AbstractCrossBuildInMemoryCache.get(Ljava/lang/Object;Ljava/util/function/Function;)Ljava/lang/Object;+18
j  org.gradle.internal.instantiation.generator.AbstractClassGenerator.generate(Ljava/lang/Class;)Lorg/gradle/internal/instantiation/generator/ClassGenerator$GeneratedClass;+14
j  org.gradle.internal.instantiation.generator.AsmBackedClassGenerator.generate(Ljava/lang/Class;)Lorg/gradle/internal/instantiation/generator/ClassGenerator$GeneratedClass;+2
j  org.gradle.internal.instantiation.generator.ParamsMatchingConstructorSelector.forParams(Ljava/lang/Class;[Ljava/lang/Object;)Lorg/gradle/internal/instantiation/generator/ClassGenerator$GeneratedConstructor;+5
j  org.gradle.internal.instantiation.generator.DependencyInjectingInstantiator.doCreate(Ljava/lang/Class;Lorg/gradle/api/Describable;[Ljava/lang/Object;)Ljava/lang/Object;+6
j  org.gradle.internal.instantiation.generator.DependencyInjectingInstantiator.newInstance(Ljava/lang/Class;[Ljava/lang/Object;)Ljava/lang/Object;+4
j  org.gradle.api.internal.artifacts.DefaultDependencyManagementServices$DependencyResolutionScopeServices.createConfigurationContainer(Lorg/gradle/internal/reflect/Instantiator;Lorg/gradle/api/internal/CollectionCallbackActionDecorator;Lorg/gradle/api/internal/DomainObjectContext;Lorg/gradle/api/internal/artifacts/configurations/DefaultConfigurationFactory;Lorg/gradle/api/internal/artifacts/configurations/ResolutionStrategyFactory;Lorg/gradle/api/problems/internal/InternalProblems;Lorg/gradle/api/internal/artifacts/ConfigurationResolver$Factory;Lorg/gradle/api/internal/attributes/AttributesSchemaInternal;)Lorg/gradle/api/internal/artifacts/configurations/ConfigurationContainerInternal;+47
v  ~StubRoutines::call_stub
J 2202  jdk.internal.reflect.NativeMethodAccessorImpl.invoke0(Ljava/lang/reflect/Method;Ljava/lang/Object;[Ljava/lang/Object;)Ljava/lang/Object; java.base@17.0.19 (0 bytes) @ 0x000001f4804823c7 [0x000001f480482340+0x0000000000000087]
J 2642 c1 jdk.internal.reflect.NativeMethodAccessorImpl.invoke(Ljava/lang/Object;[Ljava/lang/Object;)Ljava/lang/Object; java.base@17.0.19 (137 bytes) @ 0x000001f48053b8cc [0x000001f48053b580+0x000000000000034c]
J 1773 c1 jdk.internal.reflect.DelegatingMethodAccessorImpl.invoke(Ljava/lang/Object;[Ljava/lang/Object;)Ljava/lang/Object; java.base@17.0.19 (10 bytes) @ 0x000001f4803d3304 [0x000001f4803d32c0+0x0000000000000044]
J 2802 c1 org.gradle.internal.reflect.JavaMethod.invoke(Ljava/lang/Object;[Ljava/lang/Object;)Ljava/lang/Object; (87 bytes) @ 0x000001f48060389c [0x000001f480603760+0x000000000000013c]
J 2801 c1 org.gradle.internal.service.ReflectionBasedServiceMethod.invoke(Ljava/lang/Object;[Ljava/lang/Object;)Ljava/lang/Object; (16 bytes) @ 0x000001f48060327c [0x000001f480603240+0x000000000000003c]
J 2919 c1 org.gradle.internal.service.DefaultServiceRegistry$FactoryMethodService.invokeMethod([Ljava/lang/Object;)Ljava/lang/Object; (147 bytes) @ 0x000001f48062df74 [0x000001f48062dee0+0x0000000000000094]
J 2918 c1 org.gradle.internal.service.DefaultServiceRegistry$FactoryMethodService.createServiceInstance()Ljava/lang/Object; (17 bytes) @ 0x000001f48062d98c [0x000001f48062d940+0x000000000000004c]
J 2140 c1 org.gradle.internal.service.DefaultServiceRegistry$ManagedObjectServiceProvider.getInstance()Ljava/lang/Object; (47 bytes) @ 0x000001f48046045c [0x000001f4804603c0+0x000000000000009c]
J 2139 c1 org.gradle.internal.service.DefaultServiceRegistry$SingletonService.get()Ljava/lang/Object; (5 bytes) @ 0x000001f4804600d4 [0x000001f4804600a0+0x0000000000000034]
j  org.gradle.internal.service.DefaultServiceRegistry.find(Ljava/lang/reflect/Type;)Ljava/lang/Object;+22
j  org.gradle.internal.service.DefaultServiceRegistry.get(Ljava/lang/reflect/Type;)Ljava/lang/Object;+2
j  org.gradle.internal.service.DefaultServiceRegistry.get(Ljava/lang/Class;)Ljava/lang/Object;+3
j  org.gradle.api.internal.artifacts.DefaultDependencyManagementServices$DefaultDependencyResolutionServices.getConfigurationContainer()Lorg/gradle/api/internal/artifacts/configurations/ConfigurationContainerInternal;+6
j  org.gradle.api.internal.artifacts.DefaultDependencyManagementServices$DefaultDependencyResolutionServices.getConfigurationContainer()Lorg/gradle/api/artifacts/ConfigurationContainer;+1
j  org.gradle.api.internal.artifacts.DefaultDependencyManagementServices.newDetachedResolver(Lorg/gradle/api/internal/file/FileResolver;Lorg/gradle/api/internal/file/FileCollectionFactory;Lorg/gradle/api/internal/DomainObjectContext;)Lorg/gradle/api/internal/artifacts/DependencyResolutionServices;+64
j  org.gradle.api.internal.artifacts.DefaultDependencyManagementServices.newDetachedResolver(Lorg/gradle/api/internal/DomainObjectContext;)Lorg/gradle/api/internal/artifacts/DependencyResolutionServices;+30
j  org.gradle.api.internal.initialization.DefaultScriptHandlerFactory.create(Lorg/gradle/groovy/scripts/ScriptSource;Lorg/gradle/api/internal/initialization/ClassLoaderScope;Lorg/gradle/api/internal/DomainObjectContext;)Lorg/gradle/api/internal/initialization/ScriptHandlerInternal;+5
j  org.gradle.configuration.DefaultInitScriptProcessor.process(Lorg/gradle/groovy/scripts/ScriptSource;Lorg/gradle/api/internal/GradleInternal;)V+95
j  org.gradle.initialization.InitScriptHandler$1.run(Lorg/gradle/internal/operations/BuildOperationContext;)V+66
j  org.gradle.internal.operations.DefaultBuildOperationRunner$1.execute(Lorg/gradle/internal/operations/RunnableBuildOperation;Lorg/gradle/internal/operations/BuildOperationContext;)V+2
j  org.gradle.internal.operations.DefaultBuildOperationRunner$1.execute(Lorg/gradle/internal/operations/BuildOperation;Lorg/gradle/internal/operations/BuildOperationContext;)V+6
j  org.gradle.internal.operations.DefaultBuildOperationRunner$2.execute(Lorg/gradle/internal/operations/BuildOperationDescriptor;Lorg/gradle/internal/operations/BuildOperationState;Lorg/gradle/internal/operations/BuildOperationState;Lorg/gradle/internal/operations/DefaultBuildOperationRunner$ReadableBuildOperationContext;Lorg/gradle/internal/operations/DefaultBuildOperationRunner$BuildOperationExecutionListener;)Lorg/gradle/internal/operations/BuildOperation;+22
j  org.gradle.internal.operations.DefaultBuildOperationRunner$2.execute(Lorg/gradle/internal/operations/BuildOperationDescriptor;Lorg/gradle/internal/operations/BuildOperationState;Lorg/gradle/internal/operations/BuildOperationState;Lorg/gradle/internal/operations/DefaultBuildOperationRunner$ReadableBuildOperationContext;Lorg/gradle/internal/operations/DefaultBuildOperationRunner$BuildOperationExecutionListener;)Ljava/lang/Object;+8
j  org.gradle.internal.operations.DefaultBuildOperationRunner.execute(Lorg/gradle/internal/operations/BuildOperationDescriptor$Builder;Lorg/gradle/internal/operations/DefaultBuildOperationRunner$BuildOperationExecution;)Ljava/lang/Object;+141
j  org.gradle.internal.operations.DefaultBuildOperationRunner.execute(Lorg/gradle/internal/operations/BuildOperation;Lorg/gradle/internal/operations/BuildOperationWorker;)V+17
j  org.gradle.internal.operations.DefaultBuildOperationRunner.run(Lorg/gradle/internal/operations/RunnableBuildOperation;)V+5
j  org.gradle.initialization.InitScriptHandler.executeScripts(Lorg/gradle/api/internal/GradleInternal;)V+34
j  org.gradle.initialization.InitScriptHandlingSettingsLoader.findAndLoadSettings(Lorg/gradle/api/internal/GradleInternal;)Lorg/gradle/initialization/SettingsState;+5
j  org.gradle.api.internal.initialization.CacheConfigurationsHandlingSettingsLoader.findAndLoadSettings(Lorg/gradle/api/internal/GradleInternal;)Lorg/gradle/initialization/SettingsState;+15
j  org.gradle.initialization.DaemonJvmToolchainsValidatingSettingsLoader.findAndLoadSettings(Lorg/gradle/api/internal/GradleInternal;)Lorg/gradle/initialization/SettingsState;+14
j  org.gradle.initialization.GradlePropertiesHandlingSettingsLoader.findAndLoadSettings(Lorg/gradle/api/internal/GradleInternal;)Lorg/gradle/initialization/SettingsState;+49
j  org.gradle.initialization.DefaultSettingsPreparer.prepareSettings(Lorg/gradle/api/internal/GradleInternal;)V+33
j  org.gradle.initialization.BuildOperationFiringSettingsPreparer$LoadBuild.doLoadBuild()V+11
j  org.gradle.initialization.BuildOperationFiringSettingsPreparer$LoadBuild.run(Lorg/gradle/internal/operations/BuildOperationContext;)V+1
j  org.gradle.internal.operations.DefaultBuildOperationRunner$1.execute(Lorg/gradle/internal/operations/RunnableBuildOperation;Lorg/gradle/internal/operations/BuildOperationContext;)V+2
j  org.gradle.internal.operations.DefaultBuildOperationRunner$1.execute(Lorg/gradle/internal/operations/BuildOperation;Lorg/gradle/internal/operations/BuildOperationContext;)V+6
j  org.gradle.internal.operations.DefaultBuildOperationRunner$2.execute(Lorg/gradle/internal/operations/BuildOperationDescriptor;Lorg/gradle/internal/operations/BuildOperationState;Lorg/gradle/internal/operations/BuildOperationState;Lorg/gradle/internal/operations/DefaultBuildOperationRunner$ReadableBuildOperationContext;Lorg/gradle/internal/operations/DefaultBuildOperationRunner$BuildOperationExecutionListener;)Lorg/gradle/internal/operations/BuildOperation;+22
j  org.gradle.internal.operations.DefaultBuildOperationRunner$2.execute(Lorg/gradle/internal/operations/BuildOperationDescriptor;Lorg/gradle/internal/operations/BuildOperationState;Lorg/gradle/internal/operations/BuildOperationState;Lorg/gradle/internal/operations/DefaultBuildOperationRunner$ReadableBuildOperationContext;Lorg/gradle/internal/operations/DefaultBuildOperationRunner$BuildOperationExecutionListener;)Ljava/lang/Object;+8
j  org.gradle.internal.operations.DefaultBuildOperationRunner.execute(Lorg/gradle/internal/operations/BuildOperationDescriptor$Builder;Lorg/gradle/internal/operations/DefaultBuildOperationRunner$BuildOperationExecution;)Ljava/lang/Object;+141
j  org.gradle.internal.operations.DefaultBuildOperationRunner.execute(Lorg/gradle/internal/operations/BuildOperation;Lorg/gradle/internal/operations/BuildOperationWorker;)V+17
j  org.gradle.internal.operations.DefaultBuildOperationRunner.run(Lorg/gradle/internal/operations/RunnableBuildOperation;)V+5
j  org.gradle.initialization.BuildOperationFiringSettingsPreparer.prepareSettings(Lorg/gradle/api/internal/GradleInternal;)V+31
j  org.gradle.initialization.VintageBuildModelController.lambda$prepareSettings$1()V+8
j  org.gradle.initialization.VintageBuildModelController$$Lambda$330+0x000001f49736e6a0.run()V+4
j  org.gradle.internal.model.StateTransitionController.lambda$doTransition$14(Ljava/lang/Runnable;)Lorg/gradle/internal/build/ExecutionResult;+1
j  org.gradle.internal.model.StateTransitionController$$Lambda$329+0x000001f49736e480.get()Ljava/lang/Object;+4
j  org.gradle.internal.model.StateTransitionController.doTransition(Lorg/gradle/internal/model/StateTransitionController$State;Lorg/gradle/internal/model/StateTransitionController$State;Ljava/util/function/Supplier;)Lorg/gradle/internal/build/ExecutionResult;+24
j  org.gradle.internal.model.StateTransitionController.doTransition(Lorg/gradle/internal/model/StateTransitionController$State;Lorg/gradle/internal/model/StateTransitionController$State;Ljava/lang/Runnable;)V+9
j  org.gradle.internal.model.StateTransitionController.lambda$transitionIfNotPreviously$11(Lorg/gradle/internal/model/StateTransitionController$State;Lorg/gradle/internal/model/StateTransitionController$State;Ljava/lang/Runnable;)V+16
j  org.gradle.internal.model.StateTransitionController$$Lambda$331+0x000001f49736e8c0.run()V+16
j  org.gradle.internal.work.DefaultSynchronizer.withLock(Ljava/lang/Runnable;)V+6
j  org.gradle.internal.model.StateTransitionController.transitionIfNotPreviously(Lorg/gradle/internal/model/StateTransitionController$State;Lorg/gradle/internal/model/StateTransitionController$State;Ljava/lang/Runnable;)V+13
j  org.gradle.initialization.VintageBuildModelController.prepareSettings()V+16
j  org.gradle.initialization.VintageBuildModelController.prepareToScheduleTasks()V+1
j  org.gradle.internal.build.DefaultBuildLifecycleController.lambda$prepareToScheduleTasks$6()V+9
j  org.gradle.internal.build.DefaultBuildLifecycleController$$Lambda$327+0x000001f49736e040.run()V+4
j  org.gradle.internal.model.StateTransitionController.lambda$doTransition$14(Ljava/lang/Runnable;)Lorg/gradle/internal/build/ExecutionResult;+1
j  org.gradle.internal.model.StateTransitionController$$Lambda$329+0x000001f49736e480.get()Ljava/lang/Object;+4
j  org.gradle.internal.model.StateTransitionController.doTransition(Lorg/gradle/internal/model/StateTransitionController$State;Lorg/gradle/internal/model/StateTransitionController$State;Ljava/util/function/Supplier;)Lorg/gradle/internal/build/ExecutionResult;+24
j  org.gradle.internal.model.StateTransitionController.doTransition(Lorg/gradle/internal/model/StateTransitionController$State;Lorg/gradle/internal/model/StateTransitionController$State;Ljava/lang/Runnable;)V+9
j  org.gradle.internal.model.StateTransitionController.lambda$maybeTransition$9(Lorg/gradle/internal/model/StateTransitionController$State;Lorg/gradle/internal/model/StateTransitionController$State;Ljava/lang/Runnable;)V+16
j  org.gradle.internal.model.StateTransitionController$$Lambda$328+0x000001f49736e260.run()V+16
j  org.gradle.internal.work.DefaultSynchronizer.withLock(Ljava/lang/Runnable;)V+6
j  org.gradle.internal.model.StateTransitionController.maybeTransition(Lorg/gradle/internal/model/StateTransitionController$State;Lorg/gradle/internal/model/StateTransitionController$State;Ljava/lang/Runnable;)V+13
j  org.gradle.internal.build.DefaultBuildLifecycleController.prepareToScheduleTasks()V+16
j  org.gradle.internal.buildtree.DefaultBuildTreeWorkPreparer.scheduleRequestedTasks(Lorg/gradle/internal/buildtree/BuildTreeWorkGraph;Lorg/gradle/execution/EntryTaskSelector;)Lorg/gradle/internal/buildtree/BuildTreeWorkGraph$FinalizedGraph;+4
j  org.gradle.internal.cc.impl.barrier.BarrierAwareBuildTreeWorkPreparer.scheduleRequestedTasks$lambda$0(Lorg/gradle/internal/cc/impl/barrier/BarrierAwareBuildTreeWorkPreparer;Lorg/gradle/internal/buildtree/BuildTreeWorkGraph;Lorg/gradle/execution/EntryTaskSelector;)Lorg/gradle/internal/buildtree/BuildTreeWorkGraph$FinalizedGraph;+6
j  org.gradle.internal.cc.impl.barrier.BarrierAwareBuildTreeWorkPreparer$$Lambda$326+0x000001f497370bc0.invoke()Ljava/lang/Object;+12
j  org.gradle.internal.cc.impl.barrier.VintageConfigurationTimeActionRunner.runConfigurationTimeAction(Lkotlin/jvm/functions/Function0;)Ljava/lang/Object;+25
j  org.gradle.internal.cc.impl.barrier.BarrierAwareBuildTreeWorkPreparer.scheduleRequestedTasks(Lorg/gradle/internal/buildtree/BuildTreeWorkGraph;Lorg/gradle/execution/EntryTaskSelector;)Lorg/gradle/internal/buildtree/BuildTreeWorkGraph$FinalizedGraph;+18
j  org.gradle.internal.cc.impl.VintageBuildTreeWorkController$scheduleAndRunRequestedTasks$1.apply(Lorg/gradle/internal/buildtree/BuildTreeWorkGraph;)Lorg/gradle/internal/build/ExecutionResult;+18
j  org.gradle.internal.cc.impl.VintageBuildTreeWorkController$scheduleAndRunRequestedTasks$1.apply(Ljava/lang/Object;)Ljava/lang/Object;+5
j  org.gradle.composite.internal.DefaultIncludedBuildTaskGraph.withNewWorkGraph(Ljava/util/function/Function;)Ljava/lang/Object;+30
j  org.gradle.internal.cc.impl.VintageBuildTreeWorkController.scheduleAndRunRequestedTasks(Lorg/gradle/execution/EntryTaskSelector;)Lorg/gradle/internal/build/ExecutionResult;+16
j  org.gradle.internal.buildtree.DefaultBuildTreeLifecycleController.lambda$scheduleAndRunTasks$1(Lorg/gradle/execution/EntryTaskSelector;)Lorg/gradle/internal/build/ExecutionResult;+5
j  org.gradle.internal.buildtree.DefaultBuildTreeLifecycleController$$Lambda$321+0x000001f49736cd18.get()Ljava/lang/Object;+8
j  org.gradle.internal.buildtree.DefaultBuildTreeLifecycleController.lambda$runBuild$4(Ljava/util/function/Supplier;)Ljava/lang/Object;+1
j  org.gradle.internal.buildtree.DefaultBuildTreeLifecycleController$$Lambda$322+0x000001f49736cf38.get()Ljava/lang/Object;+8
j  org.gradle.internal.model.StateTransitionController.lambda$transition$6(Ljava/util/function/Supplier;)Lorg/gradle/internal/build/ExecutionResult;+1
j  org.gradle.internal.model.StateTransitionController$$Lambda$324+0x000001f49736d378.get()Ljava/lang/Object;+4
j  org.gradle.internal.model.StateTransitionController.doTransition(Lorg/gradle/internal/model/StateTransitionController$State;Lorg/gradle/internal/model/StateTransitionController$State;Ljava/util/function/Supplier;)Lorg/gradle/internal/build/ExecutionResult;+24
j  org.gradle.internal.model.StateTransitionController.lambda$transition$7(Lorg/gradle/internal/model/StateTransitionController$State;Lorg/gradle/internal/model/StateTransitionController$State;Ljava/util/function/Supplier;)Ljava/lang/Object;+9
j  org.gradle.internal.model.StateTransitionController$$Lambda$323+0x000001f49736d158.create()Ljava/lang/Object;+16
j  org.gradle.internal.work.DefaultSynchronizer.withLock(Lorg/gradle/internal/Factory;)Ljava/lang/Object;+6
j  org.gradle.internal.model.StateTransitionController.transition(Lorg/gradle/internal/model/StateTransitionController$State;Lorg/gradle/internal/model/StateTransitionController$State;Ljava/util/function/Supplier;)Ljava/lang/Object;+13
j  org.gradle.internal.buildtree.DefaultBuildTreeLifecycleController.runBuild(Ljava/util/function/Supplier;)Ljava/lang/Object;+17
j  org.gradle.internal.buildtree.DefaultBuildTreeLifecycleController.scheduleAndRunTasks(Lorg/gradle/execution/EntryTaskSelector;)V+8
j  org.gradle.internal.buildtree.DefaultBuildTreeLifecycleController.scheduleAndRunTasks()V+2
j  org.gradle.tooling.internal.provider.runner.BuildModelActionRunner.run(Lorg/gradle/internal/invocation/BuildAction;Lorg/gradle/internal/buildtree/BuildTreeLifecycleController;)Lorg/gradle/internal/buildtree/BuildActionRunner$Result;+65
j  org.gradle.launcher.exec.ChainingBuildActionRunner.run(Lorg/gradle/internal/invocation/BuildAction;Lorg/gradle/internal/buildtree/BuildTreeLifecycleController;)Lorg/gradle/internal/buildtree/BuildActionRunner$Result;+34
j  org.gradle.internal.buildtree.ProblemReportingBuildActionRunner.run(Lorg/gradle/internal/invocation/BuildAction;Lorg/gradle/internal/buildtree/BuildTreeLifecycleController;)Lorg/gradle/internal/buildtree/BuildActionRunner$Result;+12
j  org.gradle.launcher.exec.BuildOutcomeReportingBuildActionRunner.run(Lorg/gradle/internal/invocation/BuildAction;Lorg/gradle/internal/buildtree/BuildTreeLifecycleController;)Lorg/gradle/internal/buildtree/BuildActionRunner$Result;+69
j  org.gradle.tooling.internal.provider.FileSystemWatchingBuildActionRunner.run(Lorg/gradle/internal/invocation/BuildAction;Lorg/gradle/internal/buildtree/BuildTreeLifecycleController;)Lorg/gradle/internal/buildtree/BuildActionRunner$Result;+317
j  org.gradle.launcher.exec.BuildCompletionNotifyingBuildActionRunner.run(Lorg/gradle/internal/invocation/BuildAction;Lorg/gradle/internal/buildtree/BuildTreeLifecycleController;)Lorg/gradle/internal/buildtree/BuildActionRunner$Result;+6
j  org.gradle.launcher.exec.RootBuildLifecycleBuildActionExecutor.lambda$execute$0(Lorg/gradle/internal/invocation/BuildAction;Lorg/gradle/internal/buildtree/BuildTreeLifecycleController;)Lorg/gradle/internal/buildtree/BuildActionRunner$Result;+6
j  org.gradle.launcher.exec.RootBuildLifecycleBuildActionExecutor$$Lambda$314+0x000001f49735e898.apply(Ljava/lang/Object;)Ljava/lang/Object;+12
j  org.gradle.composite.internal.DefaultRootBuildState.run(Ljava/util/function/Function;)Ljava/lang/Object;+92
j  org.gradle.launcher.exec.RootBuildLifecycleBuildActionExecutor.execute(Lorg/gradle/internal/invocation/BuildAction;)Lorg/gradle/internal/buildtree/BuildActionRunner$Result;+91
j  org.gradle.launcher.exec.BuildTreeLifecycleBuildActionExecutor.runRootBuildAction(Lorg/gradle/internal/invocation/BuildAction;Lorg/gradle/internal/service/ServiceRegistry;Lorg/gradle/internal/buildtree/BuildTreeModelControllerServices$Supplier;)Lorg/gradle/internal/buildtree/BuildActionRunner$Result;+39
j  org.gradle.launcher.exec.BuildTreeLifecycleBuildActionExecutor.execute(Lorg/gradle/internal/invocation/BuildAction;Lorg/gradle/internal/session/BuildSessionContext;)Lorg/gradle/internal/buildtree/BuildActionRunner$Result;+44
j  org.gradle.launcher.exec.RunAsBuildOperationBuildActionExecutor$2.call(Lorg/gradle/internal/operations/BuildOperationContext;)Lorg/gradle/internal/buildtree/BuildActionRunner$Result;+25
j  org.gradle.launcher.exec.RunAsBuildOperationBuildActionExecutor$2.call(Lorg/gradle/internal/operations/BuildOperationContext;)Ljava/lang/Object;+2
j  org.gradle.internal.operations.DefaultBuildOperationRunner$CallableBuildOperationWorker.execute(Lorg/gradle/internal/operations/CallableBuildOperation;Lorg/gradle/internal/operations/BuildOperationContext;)V+3
j  org.gradle.internal.operations.DefaultBuildOperationRunner$CallableBuildOperationWorker.execute(Lorg/gradle/internal/operations/BuildOperation;Lorg/gradle/internal/operations/BuildOperationContext;)V+6
j  org.gradle.internal.operations.DefaultBuildOperationRunner$2.execute(Lorg/gradle/internal/operations/BuildOperationDescriptor;Lorg/gradle/internal/operations/BuildOperationState;Lorg/gradle/internal/operations/BuildOperationState;Lorg/gradle/internal/operations/DefaultBuildOperationRunner$ReadableBuildOperationContext;Lorg/gradle/internal/operations/DefaultBuildOperationRunner$BuildOperationExecutionListener;)Lorg/gradle/internal/operations/BuildOperation;+22
j  org.gradle.internal.operations.DefaultBuildOperationRunner$2.execute(Lorg/gradle/internal/operations/BuildOperationDescriptor;Lorg/gradle/internal/operations/BuildOperationState;Lorg/gradle/internal/operations/BuildOperationState;Lorg/gradle/internal/operations/DefaultBuildOperationRunner$ReadableBuildOperationContext;Lorg/gradle/internal/operations/DefaultBuildOperationRunner$BuildOperationExecutionListener;)Ljava/lang/Object;+8
j  org.gradle.internal.operations.DefaultBuildOperationRunner.execute(Lorg/gradle/internal/operations/BuildOperationDescriptor$Builder;Lorg/gradle/internal/operations/DefaultBuildOperationRunner$BuildOperationExecution;)Ljava/lang/Object;+141
j  org.gradle.internal.operations.DefaultBuildOperationRunner.execute(Lorg/gradle/internal/operations/BuildOperation;Lorg/gradle/internal/operations/BuildOperationWorker;)V+17
j  org.gradle.internal.operations.DefaultBuildOperationRunner.call(Lorg/gradle/internal/operations/CallableBuildOperation;)Ljava/lang/Object;+12
j  org.gradle.launcher.exec.RunAsBuildOperationBuildActionExecutor.execute(Lorg/gradle/internal/invocation/BuildAction;Lorg/gradle/internal/session/BuildSessionContext;)Lorg/gradle/internal/buildtree/BuildActionRunner$Result;+23
j  org.gradle.launcher.exec.RunAsWorkerThreadBuildActionExecutor.lambda$execute$0(Lorg/gradle/internal/invocation/BuildAction;Lorg/gradle/internal/session/BuildSessionContext;)Lorg/gradle/internal/buildtree/BuildActionRunner$Result;+6
j  org.gradle.launcher.exec.RunAsWorkerThreadBuildActionExecutor$$Lambda$210+0x000001f497246a88.create()Ljava/lang/Object;+12
j  org.gradle.internal.work.DefaultWorkerLeaseService.lambda$withLocksAcquired$0(Lorg/gradle/internal/Factory;Ljava/util/Collection;)Ljava/lang/Object;+1
j  org.gradle.internal.work.DefaultWorkerLeaseService$$Lambda$212+0x000001f497248640.create()Ljava/lang/Object;+12
j  org.gradle.internal.work.ResourceLockStatistics$1.measure(Ljava/lang/String;Ljava/lang/Iterable;Lorg/gradle/internal/Factory;)Ljava/lang/Object;+1
j  org.gradle.internal.work.DefaultWorkerLeaseService.withLocksAcquired(Ljava/util/Collection;Lorg/gradle/internal/Factory;)Ljava/lang/Object;+21
j  org.gradle.internal.work.DefaultWorkerLeaseService.withLocks(Ljava/util/Collection;Lorg/gradle/internal/Factory;)Ljava/lang/Object;+25
j  org.gradle.internal.work.DefaultWorkerLeaseService.runAsWorkerThread(Lorg/gradle/internal/Factory;)Ljava/lang/Object;+33
j  org.gradle.launcher.exec.RunAsWorkerThreadBuildActionExecutor.execute(Lorg/gradle/internal/invocation/BuildAction;Lorg/gradle/internal/session/BuildSessionContext;)Lorg/gradle/internal/buildtree/BuildActionRunner$Result;+12
j  org.gradle.tooling.internal.provider.continuous.ContinuousBuildActionExecutor.execute(Lorg/gradle/internal/invocation/BuildAction;Lorg/gradle/internal/session/BuildSessionContext;)Lorg/gradle/internal/buildtree/BuildActionRunner$Result;+58
j  org.gradle.tooling.internal.provider.SubscribableBuildActionExecutor.execute(Lorg/gradle/internal/invocation/BuildAction;Lorg/gradle/internal/session/BuildSessionContext;)Lorg/gradle/internal/buildtree/BuildActionRunner$Result;+30
j  org.gradle.internal.session.DefaultBuildSessionContext.execute(Lorg/gradle/internal/invocation/BuildAction;)Lorg/gradle/internal/buildtree/BuildActionRunner$Result;+64
j  org.gradle.internal.buildprocess.execution.BuildSessionLifecycleBuildActionExecutor$ActionImpl.apply(Lorg/gradle/internal/session/BuildSessionContext;)Lorg/gradle/launcher/exec/BuildActionResult;+6
j  org.gradle.internal.buildprocess.execution.BuildSessionLifecycleBuildActionExecutor$ActionImpl.apply(Ljava/lang/Object;)Ljava/lang/Object;+5
j  org.gradle.internal.session.BuildSessionState.run(Ljava/util/function/Function;)Ljava/lang/Object;+5
j  org.gradle.internal.buildprocess.execution.BuildSessionLifecycleBuildActionExecutor.execute(Lorg/gradle/internal/invocation/BuildAction;Lorg/gradle/launcher/exec/BuildActionParameters;Lorg/gradle/initialization/BuildRequestContext;)Lorg/gradle/launcher/exec/BuildActionResult;+105
j  org.gradle.internal.buildprocess.execution.BuildSessionLifecycleBuildActionExecutor.execute(Lorg/gradle/internal/invocation/BuildAction;Ljava/lang/Object;Ljava/lang/Object;)Lorg/gradle/launcher/exec/BuildActionResult;+10
j  org.gradle.internal.buildprocess.execution.StartParamsValidatingActionExecutor.execute(Lorg/gradle/internal/invocation/BuildAction;Lorg/gradle/launcher/exec/BuildActionParameters;Lorg/gradle/initialization/BuildRequestContext;)Lorg/gradle/launcher/exec/BuildActionResult;+142
j  org.gradle.internal.buildprocess.execution.StartParamsValidatingActionExecutor.execute(Lorg/gradle/internal/invocation/BuildAction;Ljava/lang/Object;Ljava/lang/Object;)Lorg/gradle/launcher/exec/BuildActionResult;+10
j  org.gradle.internal.buildprocess.execution.SessionFailureReportingActionExecutor.execute(Lorg/gradle/internal/invocation/BuildAction;Lorg/gradle/launcher/exec/BuildActionParameters;Lorg/gradle/initialization/BuildRequestContext;)Lorg/gradle/launcher/exec/BuildActionResult;+7
j  org.gradle.internal.buildprocess.execution.SessionFailureReportingActionExecutor.execute(Lorg/gradle/internal/invocation/BuildAction;Ljava/lang/Object;Ljava/lang/Object;)Lorg/gradle/launcher/exec/BuildActionResult;+10
j  org.gradle.internal.buildprocess.execution.SetupLoggingActionExecutor.execute(Lorg/gradle/internal/invocation/BuildAction;Lorg/gradle/launcher/exec/BuildActionParameters;Lorg/gradle/initialization/BuildRequestContext;)Lorg/gradle/launcher/exec/BuildActionResult;+50
j  org.gradle.internal.buildprocess.execution.SetupLoggingActionExecutor.execute(Lorg/gradle/internal/invocation/BuildAction;Ljava/lang/Object;Ljava/lang/Object;)Lorg/gradle/launcher/exec/BuildActionResult;+10
j  org.gradle.launcher.daemon.server.exec.ExecuteBuild.doBuild(Lorg/gradle/launcher/daemon/server/api/DaemonCommandExecution;Lorg/gradle/launcher/daemon/protocol/Build;)V+147
j  org.gradle.launcher.daemon.server.exec.BuildCommandOnly.execute(Lorg/gradle/launcher/daemon/server/api/DaemonCommandExecution;)V+49
j  org.gradle.launcher.daemon.server.api.DaemonCommandExecution.proceed()Z+23
j  org.gradle.launcher.daemon.server.exec.WatchForDisconnection.execute(Lorg/gradle/launcher/daemon/server/api/DaemonCommandExecution;)V+19
j  org.gradle.launcher.daemon.server.api.DaemonCommandExecution.proceed()Z+23
j  org.gradle.launcher.daemon.server.exec.ResetDeprecationLogger.execute(Lorg/gradle/launcher/daemon/server/api/DaemonCommandExecution;)V+7
j  org.gradle.launcher.daemon.server.api.DaemonCommandExecution.proceed()Z+23
j  org.gradle.launcher.daemon.server.exec.RequestStopIfSingleUsedDaemon.execute(Lorg/gradle/launcher/daemon/server/api/DaemonCommandExecution;)V+33
j  org.gradle.launcher.daemon.server.api.DaemonCommandExecution.proceed()Z+23
j  org.gradle.launcher.daemon.server.exec.ForwardClientInput.lambda$execute$0(Lorg/gradle/launcher/daemon/server/api/DaemonCommandExecution;Lorg/gradle/internal/daemon/clientinput/StdinHandler;)Ljava/lang/Object;+11
j  org.gradle.launcher.daemon.server.exec.ForwardClientInput$$Lambda$116+0x000001f49713b160.apply(Ljava/lang/Object;)Ljava/lang/Object;+8
j  org.gradle.internal.daemon.clientinput.ClientInputForwarder.forwardInput(Ljava/util/function/Function;)Ljava/lang/Object;+46
j  org.gradle.launcher.daemon.server.exec.ForwardClientInput.execute(Lorg/gradle/launcher/daemon/server/api/DaemonCommandExecution;)V+10
j  org.gradle.launcher.daemon.server.api.DaemonCommandExecution.proceed()Z+23
j  org.gradle.launcher.daemon.server.exec.LogAndCheckHealth.execute(Lorg/gradle/launcher/daemon/server/api/DaemonCommandExecution;)V+51
j  org.gradle.launcher.daemon.server.api.DaemonCommandExecution.proceed()Z+23
j  org.gradle.launcher.daemon.server.exec.LogToClient.doBuild(Lorg/gradle/launcher/daemon/server/api/DaemonCommandExecution;Lorg/gradle/launcher/daemon/protocol/Build;)V+87
j  org.gradle.launcher.daemon.server.exec.BuildCommandOnly.execute(Lorg/gradle/launcher/daemon/server/api/DaemonCommandExecution;)V+49
j  org.gradle.launcher.daemon.server.api.DaemonCommandExecution.proceed()Z+23
j  org.gradle.launcher.daemon.server.exec.EstablishBuildEnvironment.doBuild(Lorg/gradle/launcher/daemon/server/api/DaemonCommandExecution;Lorg/gradle/launcher/daemon/protocol/Build;)V+356
j  org.gradle.launcher.daemon.server.exec.BuildCommandOnly.execute(Lorg/gradle/launcher/daemon/server/api/DaemonCommandExecution;)V+49
j  org.gradle.launcher.daemon.server.api.DaemonCommandExecution.proceed()Z+23
j  org.gradle.launcher.daemon.server.exec.StartBuildOrRespondWithBusy$1.run()V+44
j  org.gradle.launcher.daemon.server.DaemonStateCoordinator.lambda$runCommand$0(Ljava/lang/Runnable;)V+1
j  org.gradle.launcher.daemon.server.DaemonStateCoordinator$$Lambda$115+0x000001f497139dc8.run()V+8
j  org.gradle.internal.concurrent.ExecutorPolicy$CatchAndRecordFailures.onExecute(Ljava/lang/Runnable;)V+1
j  org.gradle.internal.concurrent.AbstractManagedExecutor$1.run()V+25
j  java.util.concurrent.ThreadPoolExecutor.runWorker(Ljava/util/concurrent/ThreadPoolExecutor$Worker;)V+92 java.base@17.0.19
j  java.util.concurrent.ThreadPoolExecutor$Worker.run()V+5 java.base@17.0.19
j  java.lang.Thread.run()V+11 java.base@17.0.19
v  ~StubRoutines::call_stub

Compiled method (n/a) 85175  696     n 0       java.lang.ClassLoader::defineClass1 (native)
 total in heap  [0x000001f48020c490,0x000001f48020c990] = 1280
 relocation     [0x000001f48020c5f0,0x000001f48020c628] = 56
 main code      [0x000001f48020c640,0x000001f48020c990] = 848

[Constant Pool (empty)]

[MachCode]
[Entry Point]
  # {method} {0x000001f496010f18} 'defineClass1' '(Ljava/lang/ClassLoader;Ljava/lang/String;[BIILjava/security/ProtectionDomain;Ljava/lang/String;)Ljava/lang/Class;' in 'java/lang/ClassLoader'
  # parm0:    rdx:rdx   = 'java/lang/ClassLoader'
  # parm1:    r8:r8     = 'java/lang/String'
  # parm2:    r9:r9     = '[B'
  # parm3:    rdi       = int
  # parm4:    rsi       = int
  # parm5:    rcx:rcx   = 'java/security/ProtectionDomain'
  # parm6:    [sp+0xa0]   = 'java/lang/String'  (sp of caller)
  0x000001f48020c640: 448b 5208 | 49bb 0000 | 0096 f401 | 0000 4d03 | d349 3bc2 | 0f84 0600 

  0x000001f48020c658: ;   {runtime_call ic_miss_stub}
  0x000001f48020c658: 0000 e921 | 4ae4 ff90 
[Verified Entry Point]
  0x000001f48020c660: 8984 2400 | 90ff ff55 | 488b ec48 | 81ec 9000 | 0000 4881 | 7d10 0000 | 0000 488d | 4510 480f 
  0x000001f48020c680: 4445 1048 | 8944 2440 | 4889 4c24 | 7048 83f9 | 0048 8d44 | 2470 480f | 4444 2470 | 4889 4424 
  0x000001f48020c6a0: 3848 8974 | 2430 4889 | 7c24 284c | 894c 2458 | 4983 f900 | 488d 4424 | 5848 0f44 | 4424 5848 
  0x000001f48020c6c0: 8944 2420 | 4c89 4424 | 5049 83f8 | 004c 8d4c | 2450 4c0f | 444c 2450 | 4889 5424 | 4848 83fa 
  0x000001f48020c6e0: 004c 8d44 | 2448 4c0f | 4444 2448 

  0x000001f48020c6ec: ;   {oop(a 'java/lang/Class'{0x0000000680c18828} = 'java/lang/ClassLoader')}
  0x000001f48020c6ec: 49be 2888 | c180 0600 | 0000 4c89 | 7424 784c | 8d74 2478 | 498b d6c5 

  0x000001f48020c704: ;   {internal_word}
  0x000001f48020c704: f877 49ba | 03c7 2080 | f401 0000 | 4d89 97a0 | 0200 0049 | 89a7 9802 

  0x000001f48020c71c: ;   {external_word}
  0x000001f48020c71c: 0000 49ba | d5d6 b256 | fd7f 0000 | 4180 3a00 | 0f84 5200 | 0000 5241 

  0x000001f48020c734: ;   {metadata({method} {0x000001f496010f18} 'defineClass1' '(Ljava/lang/ClassLoader;Ljava/lang/String;[BIILjava/security/ProtectionDomain;Ljava/lang/String;)Ljava/lang/Class;' in 'java/lang/ClassLoader')}
  0x000001f48020c734: 5041 5148 | ba10 0f01 | 96f4 0100 | 0049 8bcf | 4883 ec20 | f7c4 0f00 | 0000 0f84 | 1a00 0000 
  0x000001f48020c754: 4883 ec08 

  0x000001f48020c758: ;   {runtime_call}
  0x000001f48020c758: 49ba 80a4 | 6856 fd7f | 0000 41ff | d248 83c4 | 08e9 0d00 

  0x000001f48020c76c: ;   {runtime_call}
  0x000001f48020c76c: 0000 49ba | 80a4 6856 | fd7f 0000 | 41ff d248 | 83c4 2041 | 5941 585a | 498d 8fb8 | 0200 0041 
  0x000001f48020c78c: c787 4003 | 0000 0400 

  0x000001f48020c794: ;   {runtime_call}
  0x000001f48020c794: 0000 49ba | ac16 96e4 | fd7f 0000 | 41ff d2c5 | f877 41c7 | 8740 0300 | 0005 0000 | 00f0 8344 
  0x000001f48020c7b4: 24c0 0049 | 3baf 4803 | 0000 0f87 | 1100 0000 | 4181 bf30 | 0300 0000 | 0000 000f | 842c 0000 
  0x000001f48020c7d4: 00c5 f877 | 4889 45f8 | 498b cf4c | 8be4 4883 | ec20 4883 

  0x000001f48020c7e8: ;   {runtime_call}
  0x000001f48020c7e8: e4f0 49ba | d0b3 7856 | fd7f 0000 | 41ff d249 | 8be4 4d33 | e448 8b45 | f841 c787 | 4003 0000 
  0x000001f48020c808: 0800 0000 | 4181 bfb0 | 0300 0002 | 0000 000f | 843f 0100 

  0x000001f48020c81c: ;   {external_word}
  0x000001f48020c81c: 0049 bad5 | d6b2 56fd | 7f00 0041 | 803a 000f | 8450 0000 | 0048 8945 

  0x000001f48020c834: ;   {metadata({method} {0x000001f496010f18} 'defineClass1' '(Ljava/lang/ClassLoader;Ljava/lang/String;[BIILjava/security/ProtectionDomain;Ljava/lang/String;)Ljava/lang/Class;' in 'java/lang/ClassLoader')}
  0x000001f48020c834: f848 ba10 | 0f01 96f4 | 0100 0049 | 8bcf 4883 | ec20 f7c4 | 0f00 0000 | 0f84 1a00 | 0000 4883 
  0x000001f48020c854: ;   {runtime_call}
  0x000001f48020c854: ec08 49ba | 80a4 6856 | fd7f 0000 | 41ff d248 | 83c4 08e9 | 0d00 0000 

  0x000001f48020c86c: ;   {runtime_call}
  0x000001f48020c86c: 49ba 80a4 | 6856 fd7f | 0000 41ff | d248 83c4 | 2048 8b45 | f849 c787 | 9802 0000 | 0000 0000 
  0x000001f48020c88c: 49c7 87a0 | 0200 0000 | 0000 00c5 | f877 4885 | c00f 8493 | 0000 0048 | f7c0 0100 | 0000 0f84 
  0x000001f48020c8ac: 8300 0000 | 488b 40ff | 4180 7f38 | 000f 846f | 0000 0048 | 83f8 000f | 8465 0000 | 0049 8b4f 
  0x000001f48020c8cc: 2048 83f9 | 000f 8414 | 0000 0048 | 83e9 0849 | 894f 2049 | 034f 3048 | 8901 e943 | 0000 0050 
  0x000001f48020c8ec: 498b d748 | 8bc8 4883 | ec20 f7c4 | 0f00 0000 | 0f84 1a00 | 0000 4883 

  0x000001f48020c904: ;   {runtime_call}
  0x000001f48020c904: ec08 49ba | 706b 2756 | fd7f 0000 | 41ff d248 | 83c4 08e9 | 0d00 0000 

  0x000001f48020c91c: ;   {runtime_call}
  0x000001f48020c91c: 49ba 706b | 2756 fd7f | 0000 41ff | d248 83c4 | 2058 e903 | 0000 0048 | 8b00 498b | 8fd8 0000 
  0x000001f48020c93c: 00c7 8100 | 0100 0000 | 0000 00c9 | 4981 7f08 | 0000 0000 | 0f85 0100 

  0x000001f48020c954: ;   {runtime_call StubRoutines (1)}
  0x000001f48020c954: 0000 c3e9 | a445 dfff | c5f8 7748 | 8945 f84c | 8be4 4883 | ec20 4883 

  0x000001f48020c96c: ;   {runtime_call}
  0x000001f48020c96c: e4f0 49ba | 70d5 6856 | fd7f 0000 | 41ff d249 | 8be4 4d33 | e448 8b45 | f8e9 93fe | ffff f4f4 
  0x000001f48020c98c: f4f4 f4f4 
[/MachCode]


Compiled method (c1) 85249  998       1       java.lang.ClassLoader::defineClass (43 bytes)
 total in heap  [0x000001f480285510,0x000001f480285ab0] = 1440
 relocation     [0x000001f480285670,0x000001f4802856d0] = 96
 main code      [0x000001f4802856e0,0x000001f480285880] = 416
 stub code      [0x000001f480285880,0x000001f4802858f8] = 120
 metadata       [0x000001f4802858f8,0x000001f480285928] = 48
 scopes data    [0x000001f480285928,0x000001f4802859e0] = 184
 scopes pcs     [0x000001f4802859e0,0x000001f480285a80] = 160
 dependencies   [0x000001f480285a80,0x000001f480285a88] = 8
 nul chk table  [0x000001f480285a88,0x000001f480285ab0] = 40

[Constant Pool (empty)]

[MachCode]
[Entry Point]
  # {method} {0x000001f496010cb0} 'defineClass' '(Ljava/lang/String;[BIILjava/security/ProtectionDomain;)Ljava/lang/Class;' in 'java/lang/ClassLoader'
  # this:     rdx:rdx   = 'java/lang/ClassLoader'
  # parm0:    r8:r8     = 'java/lang/String'
  # parm1:    r9:r9     = '[B'
  # parm2:    rdi       = int
  # parm3:    rsi       = int
  # parm4:    rcx:rcx   = 'java/security/ProtectionDomain'
  #           [sp+0xc0]  (sp of caller)
  0x000001f4802856e0: 448b 5208 | 49bb 0000 | 0096 f401 | 0000 4d03 | d34c 3bd0 

  0x000001f4802856f4: ;   {runtime_call ic_miss_stub}
  0x000001f4802856f4: 0f85 86b9 | dcff 660f | 1f44 0000 
[Verified Entry Point]
  0x000001f480285700: 8984 2400 | 90ff ff55 | 4881 ecb0 | 0000 0048 | 8954 2478 | 89b4 2494 | 0000 0089 | bc24 9000 
  0x000001f480285720: 0000 4c89 | 8c24 8800 | 0000 498b | d84c 8bc3 | 4c8b c948 | 8bca 488b | d148 899c | 2480 0000 
  0x000001f480285740: 0066 0f1f 

  0x000001f480285744: ;   {optimized virtual_call}
  0x000001f480285744: 4400 00e8 

  0x000001f480285748: ; ImmutableOopMap {[120]=Oop [136]=Oop [128]=Oop }
                      ;*invokevirtual preDefineClass {reexecute=0 rethrow=0 return_oop=0}
                      ; - java.lang.ClassLoader::defineClass@4 (line 1015)
  0x000001f480285748: 9406 0000 | 4889 8424 | 9800 0000 

  0x000001f480285754: ; implicit exception: dispatches to 0x000001f48028582a
  0x000001f480285754: 448b 4010 | 49c1 e003 | 4983 f800 | 0f85 0f00 

  0x000001f480285764: ;   {oop(NULL)}
  0x000001f480285764: 0000 48bb | 0000 0000 | 0000 0000 | e942 0000 | 0045 8b40 | 0c49 c1e0 | 0349 83f8 | 000f 850f 
  0x000001f480285784: ;   {oop(NULL)}
  0x000001f480285784: 0000 0048 | bb00 0000 | 0000 0000 | 00e9 2100 | 0000 418b | 5038 48c1 | e203 483b | 0266 0f1f 
  0x000001f4802857a4: ;   {optimized virtual_call}
  0x000001f4802857a4: 4400 00e8 

  0x000001f4802857a8: ; ImmutableOopMap {[120]=Oop [136]=Oop [128]=Oop [152]=Oop }
                      ;*invokevirtual toExternalForm {reexecute=0 rethrow=0 return_oop=0}
                      ; - java.net.URL::toExternalForm@5 (line 1039)
                      ; - java.net.URL::toString@1 (line 1025)
                      ; - java.lang.ClassLoader::defineClassSourceLocation@22 (line 917)
                      ; - java.lang.ClassLoader::defineClass@12 (line 1016)
  0x000001f4802857a8: 74e1 f6ff | 488b d848 | 8b84 2498 | 0000 008b | b424 9400 | 0000 8bbc | 2490 0000 | 004c 8b8c 
  0x000001f4802857c8: 2488 0000 | 004c 8b84 | 2480 0000 | 0048 8b54 | 2478 4c8b | da49 8bd3 | 488b c848 

  0x000001f4802857e4: ;   {static_call}
  0x000001f4802857e4: 891c 24e8 

  0x000001f4802857e8: ; ImmutableOopMap {[152]=Oop [120]=Oop }
                      ;*invokestatic defineClass1 {reexecute=0 rethrow=0 return_oop=0}
                      ; - java.lang.ClassLoader::defineClass@27 (line 1017)
  0x000001f4802857e8: 746e f8ff | 4c8b c04c | 8b8c 2498 | 0000 0048 | 8b54 2478 | 4889 8424 | a000 0000 

  0x000001f480285804: ;   {optimized virtual_call}
  0x000001f480285804: 6666 90e8 

  0x000001f480285808: ; ImmutableOopMap {[160]=Oop }
                      ;*invokevirtual postDefineClass {reexecute=0 rethrow=0 return_oop=0}
                      ; - java.lang.ClassLoader::defineClass@37 (line 1018)
  0x000001f480285808: f418 0000 | 488b 8424 | a000 0000 | 4881 c4b0 | 0000 005d 

  0x000001f48028581c: ;   {poll_return}
  0x000001f48028581c: 493b a748 | 0300 000f | 8715 0000 

  0x000001f480285828: ;   {runtime_call throw_null_pointer_exception Runtime1 stub}
  0x000001f480285828: 00c3 e8f1 

  0x000001f48028582c: ; ImmutableOopMap {[120]=Oop [136]=Oop [128]=Oop rax=Oop [152]=Oop }
                      ;*invokevirtual getCodeSource {reexecute=0 rethrow=0 return_oop=0}
                      ; - java.lang.ClassLoader::defineClassSourceLocation@1 (line 914)
                      ; - java.lang.ClassLoader::defineClass@12 (line 1016)
                      ;   {runtime_call throw_null_pointer_exception Runtime1 stub}
  0x000001f48028582c: b7e6 ffe8 

  0x000001f480285830: ; ImmutableOopMap {[120]=Oop [136]=Oop [128]=Oop rax=Oop [152]=Oop }
                      ;*invokevirtual getLocation {reexecute=0 rethrow=0 return_oop=0}
                      ; - java.lang.ClassLoader::defineClassSourceLocation@12 (line 916)
                      ; - java.lang.ClassLoader::defineClass@12 (line 1016)
  0x000001f480285830: ecb7 e6ff 

  0x000001f480285834: ;   {runtime_call throw_null_pointer_exception Runtime1 stub}
  0x000001f480285834: e8e7 b7e6 

  0x000001f480285838: ; ImmutableOopMap {[120]=Oop [136]=Oop [128]=Oop [152]=Oop r8=Oop }
                      ;*invokevirtual toString {reexecute=0 rethrow=0 return_oop=0}
                      ; - java.lang.ClassLoader::defineClassSourceLocation@22 (line 917)
                      ; - java.lang.ClassLoader::defineClass@12 (line 1016)
                      ;   {runtime_call throw_null_pointer_exception Runtime1 stub}
  0x000001f480285838: ffe8 e2b7 

  0x000001f48028583c: ; ImmutableOopMap {[120]=Oop [136]=Oop [128]=Oop [152]=Oop r8=Oop rdx=Oop }
                      ;*invokevirtual toExternalForm {reexecute=0 rethrow=0 return_oop=0}
                      ; - java.net.URL::toExternalForm@5 (line 1039)
                      ; - java.net.URL::toString@1 (line 1025)
                      ; - java.lang.ClassLoader::defineClassSourceLocation@22 (line 917)
                      ; - java.lang.ClassLoader::defineClass@12 (line 1016)
                      ;   {internal_word}
  0x000001f48028583c: e6ff 49ba | 1c58 2880 | f401 0000 | 4d89 9760 

  0x000001f48028584c: ;   {runtime_call SafepointBlob}
  0x000001f48028584c: 0300 00e9 | ac21 ddff | 9090 498b | 87d8 0300 | 0049 c787 | d803 0000 | 0000 0000 | 49c7 87e0 
  0x000001f48028586c: 0300 0000 | 0000 0048 | 81c4 b000 

  0x000001f480285878: ;   {runtime_call unwind_exception Runtime1 stub}
  0x000001f480285878: 0000 5de9 | 80a8 e6ff 
[Stub Code]
  0x000001f480285880: ;   {no_reloc}
  0x000001f480285880: 0f1f 4400 

  0x000001f480285884: ;   {static_stub}
  0x000001f480285884: 0048 bb60 | 0e01 96f4 

  0x000001f48028588c: ;   {runtime_call I2C/C2I adapters}
  0x000001f48028588c: 0100 00e9 | 4d81 dcff 

  0x000001f480285894: ;   {static_stub}
  0x000001f480285894: 9048 bb00 | 0000 0000 

  0x000001f48028589c: ;   {runtime_call}
  0x000001f48028589c: 0000 00e9 | fbff ffff 

  0x000001f4802858a4: ;   {static_stub}
  0x000001f4802858a4: 9048 bb00 | 0000 0000 

  0x000001f4802858ac: ;   {runtime_call}
  0x000001f4802858ac: 0000 00e9 | fbff ffff 

  0x000001f4802858b4: ;   {static_stub}
  0x000001f4802858b4: 9048 bb78 | 0f01 96f4 

  0x000001f4802858bc: ;   {runtime_call I2C/C2I adapters}
  0x000001f4802858bc: 0100 00e9 | 1d81 dcff 
[Exception Handler]
  0x000001f4802858c4: ;   {runtime_call handle_exception_from_callee Runtime1 stub}
  0x000001f4802858c4: e837 d5e6 

  0x000001f4802858c8: ;   {external_word}
  0x000001f4802858c8: ff48 b900 | fa8c 56fd | 7f00 0048 

  0x000001f4802858d4: ;   {runtime_call}
  0x000001f4802858d4: 83e4 f049 | baf0 9755 | 56fd 7f00 | 0041 ffd2 

  0x000001f4802858e4: ;   {section_word}
  0x000001f4802858e4: f449 bae5 | 5828 80f4 | 0100 0041 

  0x000001f4802858f0: ;   {runtime_call DeoptimizationBlob}
  0x000001f4802858f0: 52e9 aa13 | ddff f4f4 
[/MachCode]


Compiled method (c1) 85293  836   !   1       java.net.URLClassLoader::defineClass (224 bytes)
 total in heap  [0x000001f48024a710,0x000001f48024cbf8] = 9448
 relocation     [0x000001f48024a870,0x000001f48024aad8] = 616
 main code      [0x000001f48024aae0,0x000001f48024bbc0] = 4320
 stub code      [0x000001f48024bbc0,0x000001f48024be08] = 584
 oops           [0x000001f48024be08,0x000001f48024be18] = 16
 metadata       [0x000001f48024be18,0x000001f48024bf80] = 360
 scopes data    [0x000001f48024bf80,0x000001f48024c508] = 1416
 scopes pcs     [0x000001f48024c508,0x000001f48024c948] = 1088
 dependencies   [0x000001f48024c948,0x000001f48024c998] = 80
 handler table  [0x000001f48024c998,0x000001f48024cb60] = 456
 nul chk table  [0x000001f48024cb60,0x000001f48024cbf8] = 152

[Constant Pool (empty)]

[MachCode]
[Entry Point]
  # {method} {0x000001f4cb03b368} 'defineClass' '(Ljava/lang/String;Ljdk/internal/loader/Resource;)Ljava/lang/Class;' in 'java/net/URLClassLoader'
  # this:     rdx:rdx   = 'java/net/URLClassLoader'
  # parm0:    r8:r8     = 'java/lang/String'
  # parm1:    r9:r9     = 'jdk/internal/loader/Resource'
  #           [sp+0x1b0]  (sp of caller)
  0x000001f48024aae0: 448b 5208 | 49bb 0000 | 0096 f401 | 0000 4d03 | d34c 3bd0 

  0x000001f48024aaf4: ;   {runtime_call ic_miss_stub}
  0x000001f48024aaf4: 0f85 8665 | e0ff 660f | 1f44 0000 
[Verified Entry Point]
  0x000001f48024ab00: 8984 2400 | 90ff ff55 | 4881 eca0 | 0100 004c | 8984 24d8 | 0000 004c | 898c 24e0 | 0000 0048 
  0x000001f48024ab20: 8994 24e8 

  0x000001f48024ab24: ;   {runtime_call}
  0x000001f48024ab24: 0000 0049 | ba50 ff61 | 56fd 7f00 | 0041 ffd2 | 4889 8424 | f000 0000 | 4c8b 8424 | d800 0000 
  0x000001f48024ab44: ; implicit exception: dispatches to 0x000001f48024b8b4
  0x000001f48024ab44: 418b 7014 | 48c1 e603 

  0x000001f48024ab4c: ; implicit exception: dispatches to 0x000001f48024b8b9
  0x000001f48024ab4c: 8b56 0c45 | 0fbe 4810 | 498b c9c1 | e118 c1f9 | 18d3 fa48 | 8bfa ffcf | 4183 f900 | ba00 0000 
  0x000001f48024ab6c: 000f 8505 | 0000 00ba | 0100 0000 | 83e2 0183 | fa00 488b | d641 b82e | 0000 004c | 8bcf 0f84 
  0x000001f48024ab8c: 1100 0000 | 0f1f 8000 

  0x000001f48024ab94: ;   {static_call}
  0x000001f48024ab94: 0000 00e8 

  0x000001f48024ab98: ; ImmutableOopMap {[232]=Oop [224]=Oop [216]=Oop }
                      ;*invokestatic lastIndexOf {reexecute=0 rethrow=0 return_oop=0}
                      ; - java.lang.String::lastIndexOf@13 (line 2489)
                      ; - java.lang.String::lastIndexOf@8 (line 2451)
                      ; - java.net.URLClassLoader::defineClass@7 (line 486)
  0x000001f48024ab98: a470 efff | e90b 0000 | 0066 0f1f 

  0x000001f48024aba4: ;   {static_call}
  0x000001f48024aba4: 4400 00e8 

  0x000001f48024aba8: ; ImmutableOopMap {[232]=Oop [224]=Oop [216]=Oop }
                      ;*invokestatic lastIndexOf {reexecute=0 rethrow=0 return_oop=0}
                      ; - java.lang.String::lastIndexOf@25 (line 2490)
                      ; - java.lang.String::lastIndexOf@8 (line 2451)
                      ; - java.net.URLClassLoader::defineClass@7 (line 486)
  0x000001f48024aba8: d46d e0ff | 4c8b 8c24 | e000 0000 

  0x000001f48024abb4: ; implicit exception: dispatches to 0x000001f48024b8be
  0x000001f48024abb4: 458b 4120 | 49c1 e003 

  0x000001f48024abbc: ; implicit exception: dispatches to 0x000001f48024b8c3
  0x000001f48024abbc: 418b 701c | 48c1 e603 | 4889 b424 | f800 0000 | 83f8 ff0f | 84c1 0200 | 0041 b800 | 0000 004c 
  0x000001f48024abdc: 8bc8 488b | 9424 d800 

  0x000001f48024abe4: ;   {optimized virtual_call}
  0x000001f48024abe4: 0000 90e8 

  0x000001f48024abe8: ; ImmutableOopMap {[232]=Oop [216]=Oop [224]=Oop [248]=Oop }
                      ;*invokevirtual substring {reexecute=0 rethrow=0 return_oop=0}
                      ; - java.net.URLClassLoader::defineClass@28 (line 489)
  0x000001f48024abe8: 946c eeff | 4889 8424 | 0801 0000 

  0x000001f48024abf4: ;   {oop(a 'java/lang/Class'{0x0000000680fdce98} = 'jdk/internal/access/SharedSecrets')}
  0x000001f48024abf4: 48ba 98ce | fd80 0600 | 0000 8b92 | c800 0000 | 48c1 e203 | 4883 fa00 | 0f85 ce00 

  0x000001f48024ac10: ;   {metadata('java/lang/invoke/MethodHandles$Lookup')}
  0x000001f48024ac10: 0000 48ba | a8e2 0b96 | f401 0000 | 498b 8708 | 0100 0048 | 8d78 2049 | 3bbf 1801 | 0000 0f87 
  0x000001f48024ac30: 940c 0000 | 4989 bf08 | 0100 0048 | c700 0100 | 0000 488b | ca49 ba00 | 0000 96f4 | 0100 0049 
  0x000001f48024ac50: 2bca 8948 | 0848 33c9 | 8948 0c48 | 33c9 4889 | 4810 4889 | 4818 4889 | 8424 0001 

  0x000001f48024ac6c: ;   {static_call}
  0x000001f48024ac6c: 0000 90e8 

  0x000001f48024ac70: ; ImmutableOopMap {[232]=Oop [216]=Oop [224]=Oop [248]=Oop [264]=Oop [256]=Oop }
                      ;*invokestatic getCallerClass {reexecute=0 rethrow=0 return_oop=0}
                      ; - java.lang.invoke.MethodHandles::lookup@4 (line 116)
                      ; - jdk.internal.access.SharedSecrets::ensureClassInitialized@0 (line 457)
                      ; - jdk.internal.access.SharedSecrets::javaUtilJarAccess@10 (line 107)
                      ; - jdk.internal.loader.URLClassPath$JarLoader$2::getManifest@0 (line 885)
                      ; - java.net.URLClassLoader::defineClass@34 (line 491)
  0x000001f48024ac70: 0c6d e0ff 

  0x000001f48024ac74: ;   {oop(NULL)}
  0x000001f48024ac74: 4c8b c049 | b900 0000 | 0000 0000 | 00bf 5f00 | 0000 488b | 9424 0001 

  0x000001f48024ac8c: ;   {optimized virtual_call}
  0x000001f48024ac8c: 0000 90e8 

  0x000001f48024ac90: ; ImmutableOopMap {[232]=Oop [216]=Oop [224]=Oop [248]=Oop [264]=Oop [256]=Oop }
                      ;*invokespecial <init> {reexecute=0 rethrow=0 return_oop=0}
                      ; - java.lang.invoke.MethodHandles$Lookup::<init>@5 (line 1615)
                      ; - java.lang.invoke.MethodHandles::lookup@7 (line 116)
                      ; - jdk.internal.access.SharedSecrets::ensureClassInitialized@0 (line 457)
                      ; - jdk.internal.access.SharedSecrets::javaUtilJarAccess@10 (line 107)
                      ; - jdk.internal.loader.URLClassPath$JarLoader$2::getManifest@0 (line 885)
                      ; - java.net.URLClassLoader::defineClass@34 (line 491)
  0x000001f48024ac90: ec66 e0ff 

  0x000001f48024ac94: ;   {oop(a 'java/lang/Class'{0x0000000680fdcf88} = 'java/util/jar/JarFile')}
  0x000001f48024ac94: 49b8 88cf | fd80 0600 | 0000 488b | 9424 0001 

  0x000001f48024aca4: ;   {optimized virtual_call}
  0x000001f48024aca4: 0000 90e8 

  0x000001f48024aca8: ; ImmutableOopMap {[232]=Oop [216]=Oop [224]=Oop [248]=Oop [264]=Oop }
                      ;*invokevirtual ensureInitialized {reexecute=0 rethrow=0 return_oop=0}
                      ; - jdk.internal.access.SharedSecrets::ensureClassInitialized@4 (line 457)
                      ; - jdk.internal.access.SharedSecrets::javaUtilJarAccess@10 (line 107)
                      ; - jdk.internal.loader.URLClassPath$JarLoader$2::getManifest@0 (line 885)
                      ; - java.net.URLClassLoader::defineClass@34 (line 491)
  0x000001f48024aca8: d466 e0ff | e91b 0000 | 0049 8b87 | d803 0000 | 4d33 d24d | 8997 d803 | 0000 4d33 | d24d 8997 
  0x000001f48024acc8: e003 0000 

  0x000001f48024accc: ;   {oop(a 'java/lang/Class'{0x0000000680fdce98} = 'jdk/internal/access/SharedSecrets')}
  0x000001f48024accc: 48ba 98ce | fd80 0600 | 0000 8b92 | c800 0000 | 48c1 e203 | 4c8b 8c24 | e000 0000 | 418b 7120 
  0x000001f48024acec: 48c1 e603 

  0x000001f48024acf0: ; implicit exception: dispatches to 0x000001f48024b8d5
  0x000001f48024acf0: 8b76 1848 | c1e6 0348 | 83fa 000f | 8429 0000 

  0x000001f48024ad00: ;   {metadata('java/util/jar/JavaUtilJarAccessImpl')}
  0x000001f48024ad00: 0048 b9d8 | 0d19 96f4 | 0100 008b | 4208 49ba | 0000 0096 | f401 0000 | 4903 c248 | 3b48 380f 
  0x000001f48024ad20: 85b5 0b00 | 00e9 0000 | 0000 488b | fa48 3b02 

  0x000001f48024ad30: ; implicit exception: dispatches to 0x000001f48024b8e4
  0x000001f48024ad30: 483b 0648 

  0x000001f48024ad34: ;   {optimized virtual_call}
  0x000001f48024ad34: 8bd6 90e8 

  0x000001f48024ad38: ; ImmutableOopMap {[232]=Oop [216]=Oop [248]=Oop [264]=Oop [224]=Oop }
                      ;*invokevirtual ensureInitialization {reexecute=0 rethrow=0 return_oop=0}
                      ; - java.util.jar.JavaUtilJarAccessImpl::ensureInitialization@1 (line 72)
                      ; - jdk.internal.loader.URLClassPath$JarLoader$2::getManifest@10 (line 885)
                      ; - java.net.URLClassLoader::defineClass@34 (line 491)
  0x000001f48024ad38: 446d 0100 | 4c8b 8c24 | e000 0000 | 418b 5120 | 48c1 e203 

  0x000001f48024ad4c: ; implicit exception: dispatches to 0x000001f48024b8e9
  0x000001f48024ad4c: 8b52 1848 | c1e2 0366 | 9048 b888 | 8018 96f4 

  0x000001f48024ad5c: ;   {virtual_call}
  0x000001f48024ad5c: 0100 00e8 

  0x000001f48024ad60: ; ImmutableOopMap {[232]=Oop [216]=Oop [248]=Oop [264]=Oop [224]=Oop }
                      ;*invokevirtual getManifest {reexecute=0 rethrow=0 return_oop=0}
                      ; - jdk.internal.loader.URLClassPath$JarLoader$2::getManifest@22 (line 886)
                      ; - java.net.URLClassLoader::defineClass@34 (line 491)
  0x000001f48024ad60: 3c84 feff | 4889 8424 | 1001 0000 | 4c8b 8424 | 0801 0000 | 4c8b c848 | 8bbc 24f8 | 0000 0048 
  0x000001f48024ad80: 8b94 24e8 

  0x000001f48024ad84: ;   {optimized virtual_call}
  0x000001f48024ad84: 0000 00e8 

  0x000001f48024ad88: ; ImmutableOopMap {[232]=Oop [216]=Oop [248]=Oop [264]=Oop [224]=Oop [272]=Oop }
                      ;*invokevirtual getAndVerifyPackage {reexecute=0 rethrow=0 return_oop=0}
                      ; - java.net.URLClassLoader::defineClass@46 (line 492)
  0x000001f48024ad88: d42b 0000 | 4883 f800 | 0f84 0d00 | 0000 4c8b | 8c24 e000 | 0000 e9f3 | 0000 0048 | 8b84 2410 
  0x000001f48024ada8: 0100 0048 | 83f8 004c | 8b84 2408 | 0100 000f | 8424 0000 | 004c 8bc8 | 488b bc24 | f800 0000 
  0x000001f48024adc8: 488b 9424 | e800 0000 | 0f1f 8000 

  0x000001f48024add4: ;   {optimized virtual_call}
  0x000001f48024add4: 0000 00e8 

  0x000001f48024add8: ; ImmutableOopMap {[232]=Oop [216]=Oop [248]=Oop [224]=Oop [264]=Oop [272]=Oop }
                      ;*invokevirtual definePackage {reexecute=0 rethrow=0 return_oop=0}
                      ; - java.net.URLClassLoader::defineClass@64 (line 495)
  0x000001f48024add8: a465 1100 | e953 0000 

  0x000001f48024ade0: ;   {oop(NULL)}
  0x000001f48024ade0: 0049 b900 | 0000 0000 

  0x000001f48024ade8: ;   {oop(NULL)}
  0x000001f48024ade8: 0000 0048 | bf00 0000 | 0000 0000 

  0x000001f48024adf4: ;   {oop(NULL)}
  0x000001f48024adf4: 0048 be00 | 0000 0000 

  0x000001f48024adfc: ;   {oop(NULL)}
  0x000001f48024adfc: 0000 0048 | b900 0000 | 0000 0000 | 004d 33d2 | 4c89 1424 | 4d33 d24c | 8954 2408 | 4d33 d24c 
  0x000001f48024ae1c: 8954 2410 | 488b 9424 | e800 0000 | 0f1f 8000 

  0x000001f48024ae2c: ;   {optimized virtual_call}
  0x000001f48024ae2c: 0000 00e8 

  0x000001f48024ae30: ; ImmutableOopMap {[232]=Oop [216]=Oop [248]=Oop [224]=Oop [264]=Oop [272]=Oop }
                      ;*invokevirtual definePackage {reexecute=0 rethrow=0 return_oop=0}
                      ; - java.net.URLClassLoader::defineClass@81 (line 497)
  0x000001f48024ae30: 310e 0000 | 4c8b 8c24 | e000 0000 | e955 0000 | 004c 8b8c | 2410 0100 | 0049 8b87 | d803 0000 
  0x000001f48024ae50: 4d33 d24d | 8997 d803 | 0000 4d33 | d24d 8997 | e003 0000 | 4c8b 8424 | 0801 0000 | 488b bc24 
  0x000001f48024ae70: f800 0000 | 488b 9424 | e800 0000 

  0x000001f48024ae7c: ;   {optimized virtual_call}
  0x000001f48024ae7c: 6666 90e8 

  0x000001f48024ae80: ; ImmutableOopMap {[232]=Oop [216]=Oop [248]=Oop [224]=Oop [264]=Oop }
                      ;*invokevirtual getAndVerifyPackage {reexecute=0 rethrow=0 return_oop=0}
                      ; - java.net.URLClassLoader::defineClass@97 (line 502)
  0x000001f48024ae80: fc64 e0ff | 4883 f800 | 0f84 b401 | 0000 4c8b | 8c24 e000 | 0000 4c8d | 8424 7801 | 0000 4d89 
  0x000001f48024aea0: 4808 498b | 0148 83c8 | 0149 8900 | f04d 0fb1 | 010f 8413 | 0000 0048 | 2bc4 4881 | e007 f0ff 
  0x000001f48024aec0: ff49 8900 | 0f85 240a | 0000 458b | 410c 49c1 | e003 4983 | f800 0f85 | 5500 0000 | 458b 4120 
  0x000001f48024aee0: 49c1 e003 

  0x000001f48024aee4: ; implicit exception: dispatches to 0x000001f48024b901
  0x000001f48024aee4: 418b 5018 | 48c1 e203 | 458b 411c | 49c1 e003 

  0x000001f48024aef4: ; implicit exception: dispatches to 0x000001f48024b906
                      ;   {optimized virtual_call}
  0x000001f48024aef4: 483b 02e8 

  0x000001f48024aef8: ; ImmutableOopMap {[232]=Oop [216]=Oop [248]=Oop [224]=Oop [384]=Oop }
                      ;*invokevirtual getInputStream {reexecute=0 rethrow=0 return_oop=0}
                      ; - jdk.internal.loader.URLClassPath$JarLoader$2::getInputStream@11 (line 881)
                      ; - jdk.internal.loader.Resource::cachedInputStream@9 (line 77)
                      ; - jdk.internal.loader.Resource::getByteBuffer@1 (line 163)
                      ; - java.net.URLClassLoader::defineClass@132 (line 511)
  0x000001f48024aef8: 4425 feff | 410f be57 | 3883 fa00 | 4c8b 8c24 | e000 0000 | 0f85 f909 | 0000 4c8b | d049 c1ea 
  0x000001f48024af18: 0345 8951 | 0c49 8bd1 | 4833 d048 | c1ea 1648 | 83fa 000f | 85fa 0900 | 0041 8b51 | 0c48 c1e2 
  0x000001f48024af38: 0348 8d84 | 2478 0100 | 0048 8b30 | 4885 f60f | 840f 0000 | 0048 8b78 | 08f0 480f | b137 0f85 
  0x000001f48024af58: e709 0000 | 4883 fa00 | 0f84 4400 

  0x000001f48024af64: ;   {metadata('sun/nio/ByteBuffered')}
  0x000001f48024af64: 0000 48b8 | 18bd 0d96 | f401 0000 | 8b5a 0849 | ba00 0000 | 96f4 0100 | 0049 03da | 483b 4320 
  0x000001f48024af84: 0f84 2500 | 0000 483b | d80f 841c | 0000 0053 

  0x000001f48024af94: ;   {runtime_call slow_subtype_check Runtime1 stub}
  0x000001f48024af94: 50e8 668a | eaff 5b5b | 83fb 000f | 8405 0000 | 00e9 0500 | 0000 4833 | f6eb 0a48 | be01 0000 
  0x000001f48024afb4: 0000 0000 | 0083 fe00 | 0f84 6700 | 0000 4883 | fa00 0f84 | 4400 0000 

  0x000001f48024afcc: ;   {metadata('sun/nio/ByteBuffered')}
  0x000001f48024afcc: 48bb 18bd | 0d96 f401 | 0000 8b7a | 0849 ba00 | 0000 96f4 | 0100 0049 | 03fa 483b | 5f20 0f84 
  0x000001f48024afec: 2000 0000 | 483b fb0f | 8417 0000 

  0x000001f48024aff8: ;   {runtime_call slow_subtype_check Runtime1 stub}
  0x000001f48024aff8: 0057 53e8 | 008a eaff | 5f5f 83ff | 000f 844e | 0900 00e9 | 0000 0000 | 0f1f 4400 | 0048 b8ff 
  0x000001f48024b018: ffff ffff 

  0x000001f48024b01c: ;   {virtual_call}
  0x000001f48024b01c: ffff ffe8 

  0x000001f48024b020: ; ImmutableOopMap {[232]=Oop [216]=Oop [248]=Oop [224]=Oop }
                      ;*invokeinterface getByteBuffer {reexecute=0 rethrow=0 return_oop=0}
                      ; - jdk.internal.loader.Resource::getByteBuffer@16 (line 165)
                      ; - java.net.URLClassLoader::defineClass@132 (line 511)
  0x000001f48024b020: 5c66 e0ff | e90a 0000 

  0x000001f48024b028: ;   {oop(NULL)}
  0x000001f48024b028: 0048 b800 | 0000 0000 | 0000 0048 | 83f8 000f | 841d 0400 | 00e9 0302 

  0x000001f48024b040: ;   {metadata('java/lang/AssertionError')}
  0x000001f48024b040: 0000 48ba | b851 0497 | f401 0000 

  0x000001f48024b04c: ; implicit exception: dispatches to 0x000001f48024b962
  0x000001f48024b04c: 80ba 3301 | 0000 040f | 850e 0900 | 0049 8b87 | 0801 0000 | 488d 7828 | 493b bf18 | 0100 000f 
  0x000001f48024b06c: 87f6 0800 | 0049 89bf | 0801 0000 | 48c7 0001 | 0000 0048 | 8bca 49ba | 0000 0096 | f401 0000 
  0x000001f48024b08c: 492b ca89 | 4808 4833 | c989 480c | 4833 c948 | 8948 1048 | 8948 1848 | 8948 2048 | 8984 2420 
  0x000001f48024b0ac: ;   {metadata('java/lang/StringBuilder')}
  0x000001f48024b0ac: 0100 0048 | bae0 f400 | 96f4 0100 | 0049 8b87 | 0801 0000 | 488d 7818 | 493b bf18 | 0100 000f 
  0x000001f48024b0cc: 87a3 0800 | 0049 89bf | 0801 0000 | 48c7 0001 | 0000 0048 | 8bca 49ba | 0000 0096 | f401 0000 
  0x000001f48024b0ec: 492b ca89 | 4808 4833 | c989 480c | 4833 c948 | 8948 1041 | b810 0000 | 0048 8bd0 | 4889 8424 
  0x000001f48024b10c: 1801 0000 | 0f1f 8000 

  0x000001f48024b114: ;   {optimized virtual_call}
  0x000001f48024b114: 0000 00e8 

  0x000001f48024b118: ; ImmutableOopMap {[280]=Oop [288]=Oop [264]=Oop }
                      ;*invokespecial <init> {reexecute=0 rethrow=0 return_oop=0}
                      ; - java.lang.StringBuilder::<init>@3 (line 106)
                      ; - java.net.URLClassLoader::defineClass@111 (line 504)
  0x000001f48024b118: 6462 e0ff 

  0x000001f48024b11c: ;   {oop("Cannot find package "{0x0000000680fdd390})}
  0x000001f48024b11c: 49b8 90d3 | fd80 0600 | 0000 488b | 9424 1801 

  0x000001f48024b12c: ;   {optimized virtual_call}
  0x000001f48024b12c: 0000 90e8 

  0x000001f48024b130: ; ImmutableOopMap {[280]=Oop [288]=Oop [264]=Oop }
                      ;*invokespecial append {reexecute=0 rethrow=0 return_oop=0}
                      ; - java.lang.StringBuilder::append@2 (line 179)
                      ; - java.net.URLClassLoader::defineClass@116 (line 504)
  0x000001f48024b130: 4c62 e0ff | 4c8b 8424 | 0801 0000 | 488b 9424 | 1801 0000 

  0x000001f48024b144: ;   {optimized virtual_call}
  0x000001f48024b144: 6666 90e8 

  0x000001f48024b148: ; ImmutableOopMap {[280]=Oop [288]=Oop }
                      ;*invokespecial append {reexecute=0 rethrow=0 return_oop=0}
                      ; - java.lang.StringBuilder::append@2 (line 179)
                      ; - java.net.URLClassLoader::defineClass@121 (line 504)
  0x000001f48024b148: 3462 e0ff | 488b 8424 | 1801 0000 | 0fbe 5010 | 83fa 00ba | 0000 0000 | 0f85 0500 | 0000 ba01 
  0x000001f48024b168: 0000 0083 | e201 83fa | 000f 8433 | 0500 0044 | 8b40 1449 | c1e0 0344 | 8b48 0c41 | 83f9 000f 
  0x000001f48024b188: 850f 0000 

  0x000001f48024b18c: ;   {oop(""{0x000000068060e988})}
  0x000001f48024b18c: 0048 be88 | e960 8006 | 0000 00e9 | 2b05 0000 

  0x000001f48024b19c: ;   {metadata('java/lang/String')}
  0x000001f48024b19c: 48ba e0e9 | 0096 f401 | 0000 498b | 8708 0100 | 0048 8d78 | 1849 3bbf | 1801 0000 | 0f87 c307 
  0x000001f48024b1bc: 0000 4989 | bf08 0100 | 0048 c700 | 0100 0000 | 488b ca49 | ba00 0000 | 96f4 0100 | 0049 2bca 
  0x000001f48024b1dc: 8948 0848 | 33c9 8948 | 0c48 33c9 | 4889 4810 | 498b d041 | b800 0000 | 0048 8984 | 2428 0100 
  0x000001f48024b1fc: ;   {static_call}
  0x000001f48024b1fc: 0066 90e8 

  0x000001f48024b200: ; ImmutableOopMap {[288]=Oop [296]=Oop }
                      ;*invokestatic copyOfRange {reexecute=0 rethrow=0 return_oop=0}
                      ; - java.lang.StringLatin1::newString@16 (line 769)
                      ; - java.lang.StringBuilder::toString@16 (line 453)
                      ; - java.net.URLClassLoader::defineClass@124 (line 504)
  0x000001f48024b200: 7c67 e0ff | 410f be57 | 3883 fa00 | 488b 9424 | 2801 0000 | 0f85 7407 | 0000 4c8b | d049 c1ea 
  0x000001f48024b220: 0344 8952 | 1448 8bf2 | 4833 f048 | c1ee 1648 | 83fe 000f | 8574 0700 | 00c6 4210 | 0048 8bf2 
  0x000001f48024b240: e982 0400 | 0048 8984 | 2430 0100 | 004c 8b8c | 24e0 0000 | 0041 8b51 | 1c48 c1e2 | 0348 b8ff 
  0x000001f48024b260: ffff ffff 

  0x000001f48024b264: ;   {virtual_call}
  0x000001f48024b264: ffff ffe8 

  0x000001f48024b268: ; ImmutableOopMap {[232]=Oop [216]=Oop [248]=Oop [304]=Oop }
                      ;*invokevirtual getCodeSigners {reexecute=0 rethrow=0 return_oop=0}
                      ; - jdk.internal.loader.URLClassPath$JarLoader$2::getCodeSigners@4 (line 891)
                      ; - java.net.URLClassLoader::defineClass@143 (line 514)
  0x000001f48024b268: 1464 e0ff 

  0x000001f48024b26c: ;   {metadata('java/security/CodeSource')}
  0x000001f48024b26c: 4c8b c848 | baa0 ee00 | 96f4 0100 | 0049 8b87 | 0801 0000 | 488d 7828 | 493b bf18 | 0100 000f 
  0x000001f48024b28c: 8734 0700 | 0049 89bf | 0801 0000 | 48c7 0001 | 0000 0048 | 8bca 49ba | 0000 0096 | f401 0000 
  0x000001f48024b2ac: 492b ca89 | 4808 4833 | c989 480c | 4833 c948 | 8948 1048 | 8948 1848 | 8948 204c | 8b84 24f8 
  0x000001f48024b2cc: 0000 0048 | 8bd0 4889 | 8424 3801 | 0000 0f1f 

  0x000001f48024b2dc: ;   {optimized virtual_call}
  0x000001f48024b2dc: 4400 00e8 

  0x000001f48024b2e0: ; ImmutableOopMap {[232]=Oop [216]=Oop [304]=Oop [312]=Oop }
                      ;*invokespecial <init> {reexecute=0 rethrow=0 return_oop=0}
                      ; - java.net.URLClassLoader::defineClass@156 (line 515)
  0x000001f48024b2e0: 9c60 e0ff 

  0x000001f48024b2e4: ;   {runtime_call}
  0x000001f48024b2e4: 49ba 50ff | 6156 fd7f | 0000 41ff | d248 8bb4 | 24f0 0000 | 0048 2bc6 | 4889 8424 | 4801 0000 
  0x000001f48024b304: ;   {oop(a 'jdk/internal/perf/PerfCounter'{0x00000006805cdcb8})}
  0x000001f48024b304: 48be b8dc | 5c80 0600 | 0000 4c8d | 8424 7801 | 0000 4989 | 7008 488b | 0648 83c8 | 0149 8900 
  0x000001f48024b324: f04c 0fb1 | 060f 8413 | 0000 0048 | 2bc4 4881 | e007 f0ff | ff49 8900 | 0f85 9506 | 0000 4c8d 
  0x000001f48024b344: 8424 8801 | 0000 4989 | 7008 488b | 0648 83c8 | 0149 8900 | f04c 0fb1 | 060f 8413 | 0000 0048 
  0x000001f48024b364: 2bc4 4881 | e007 f0ff | ff49 8900 | 0f85 7406 | 0000 8b56 | 1048 c1e2 | 0348 3b02 | 41b8 0000 
  0x000001f48024b384: 0000 4889 | b424 4001 

  0x000001f48024b38c: ;   {optimized virtual_call}
  0x000001f48024b38c: 0000 90e8 

  0x000001f48024b390: ; ImmutableOopMap {[232]=Oop [216]=Oop [304]=Oop [312]=Oop [320]=Oop [384]=Oop [400]=Oop }
                      ;*invokevirtual get {reexecute=0 rethrow=0 return_oop=0}
                      ; - jdk.internal.perf.PerfCounter::get@5 (line 84)
                      ; - jdk.internal.perf.PerfCounter::add@1 (line 98)
                      ; - jdk.internal.perf.PerfCounter::addElapsedTimeFrom@6 (line 120)
                      ; - java.net.URLClassLoader::defineClass@165 (line 516)
  0x000001f48024b390: ec5f e0ff | 4c8b c048 | 8d84 2488 | 0100 004c | 8b08 4d85 | c90f 840f | 0000 0048 | 8b50 08f0 
  0x000001f48024b3b0: 4c0f b10a | 0f85 4806 | 0000 488b | b424 4001 | 0000 8b56 | 1048 c1e2 | 0348 3b02 | 4d8b c848 
  0x000001f48024b3d0: 8b84 2448 | 0100 004c | 03c8 41b8 | 0000 0000 | 0f1f 8000 

  0x000001f48024b3e4: ;   {optimized virtual_call}
  0x000001f48024b3e4: 0000 00e8 

  0x000001f48024b3e8: ; ImmutableOopMap {[232]=Oop [216]=Oop [304]=Oop [312]=Oop [384]=Oop }
                      ;*invokevirtual put {reexecute=0 rethrow=0 return_oop=0}
                      ; - jdk.internal.perf.PerfCounter::add@13 (line 99)
                      ; - jdk.internal.perf.PerfCounter::addElapsedTimeFrom@6 (line 120)
                      ; - java.net.URLClassLoader::defineClass@165 (line 516)
  0x000001f48024b3e8: 945f e0ff | 488d 8424 | 7801 0000 | 4c8b 004d | 85c0 0f84 | 0f00 0000 | 488b 5008 | f04c 0fb1 
  0x000001f48024b408: 020f 850e | 0600 004c | 8b84 2438 | 0100 0048 | 8b94 24e8 

  0x000001f48024b41c: ;   {optimized virtual_call}
  0x000001f48024b41c: 0000 00e8 

  0x000001f48024b420: ; ImmutableOopMap {[232]=Oop [216]=Oop [304]=Oop [312]=Oop }
                      ;*invokevirtual getProtectionDomain {reexecute=0 rethrow=0 return_oop=0}
                      ; - java.security.SecureClassLoader::defineClass@5 (line 182)
                      ; - java.net.URLClassLoader::defineClass@174 (line 517)
  0x000001f48024b420: 5c5f e0ff | 4c8b 8424 | d800 0000 | 4c8b 8c24 | 3001 0000 | 488b f848 | 8b94 24e8 

  0x000001f48024b43c: ;   {optimized virtual_call}
  0x000001f48024b43c: 0000 00e8 

  0x000001f48024b440: ; ImmutableOopMap {[232]=Oop [216]=Oop [304]=Oop [312]=Oop }
                      ;*invokevirtual defineClass {reexecute=0 rethrow=0 return_oop=0}
                      ; - java.security.SecureClassLoader::defineClass@8 (line 182)
                      ; - java.net.URLClassLoader::defineClass@174 (line 517)
  0x000001f48024b440: 3c5f e0ff | 4881 c4a0 | 0100 005d 

  0x000001f48024b44c: ;   {poll_return}
  0x000001f48024b44c: 493b a748 | 0300 000f | 87da 0500 | 00c3 4c8b | 8c24 e000 | 0000 498b 

  0x000001f48024b464: ;   {optimized virtual_call}
  0x000001f48024b464: d166 90e8 

  0x000001f48024b468: ; ImmutableOopMap {[232]=Oop [216]=Oop [248]=Oop [224]=Oop }
                      ;*invokevirtual getBytes {reexecute=0 rethrow=0 return_oop=0}
                      ; - java.net.URLClassLoader::defineClass@179 (line 519)
  0x000001f48024b468: 9498 0100 | 4889 8424 | 5001 0000 | 4c8b 8c24 | e000 0000 | 418b 511c | 48c1 e203 | 9048 b860 
  0x000001f48024b488: b218 96f4 

  0x000001f48024b48c: ;   {virtual_call}
  0x000001f48024b48c: 0100 00e8 

  0x000001f48024b490: ; ImmutableOopMap {[232]=Oop [216]=Oop [248]=Oop [336]=Oop }
                      ;*invokevirtual getCodeSigners {reexecute=0 rethrow=0 return_oop=0}
                      ; - jdk.internal.loader.URLClassPath$JarLoader$2::getCodeSigners@4 (line 891)
                      ; - java.net.URLClassLoader::defineClass@185 (line 521)
  0x000001f48024b490: 6c77 0300 

  0x000001f48024b494: ;   {metadata('java/security/CodeSource')}
  0x000001f48024b494: 4c8b c848 | baa0 ee00 | 96f4 0100 | 0049 8b87 | 0801 0000 | 488d 7828 | 493b bf18 | 0100 000f 
  0x000001f48024b4b4: 8790 0500 | 0049 89bf | 0801 0000 | 48c7 0001 | 0000 0048 | 8bca 49ba | 0000 0096 | f401 0000 
  0x000001f48024b4d4: 492b ca89 | 4808 4833 | c989 480c | 4833 c948 | 8948 1048 | 8948 1848 | 8948 204c | 8b84 24f8 
  0x000001f48024b4f4: 0000 0048 | 8bd0 4889 | 8424 5801 | 0000 0f1f 

  0x000001f48024b504: ;   {optimized virtual_call}
  0x000001f48024b504: 4400 00e8 

  0x000001f48024b508: ; ImmutableOopMap {[232]=Oop [216]=Oop [336]=Oop [344]=Oop }
                      ;*invokespecial <init> {reexecute=0 rethrow=0 return_oop=0}
                      ; - java.net.URLClassLoader::defineClass@198 (line 522)
  0x000001f48024b508: f47d 0300 

  0x000001f48024b50c: ;   {runtime_call}
  0x000001f48024b50c: 49ba 50ff | 6156 fd7f | 0000 41ff | d24c 8b84 | 24f0 0000 | 0049 2bc0 | 4889 8424 | 6801 0000 
  0x000001f48024b52c: ;   {oop(a 'jdk/internal/perf/PerfCounter'{0x00000006805cdcb8})}
  0x000001f48024b52c: 48be b8dc | 5c80 0600 | 0000 4c8d | 8424 7801 | 0000 4989 | 7008 488b | 0648 83c8 | 0149 8900 
  0x000001f48024b54c: f04c 0fb1 | 060f 8413 | 0000 0048 | 2bc4 4881 | e007 f0ff | ff49 8900 | 0f85 f104 | 0000 4c8d 
  0x000001f48024b56c: 8424 8801 | 0000 4989 | 7008 488b | 0648 83c8 | 0149 8900 | f04c 0fb1 | 060f 8413 | 0000 0048 
  0x000001f48024b58c: 2bc4 4881 | e007 f0ff | ff49 8900 | 0f85 d004 | 0000 8b56 | 1048 c1e2 | 0348 3b02 | 41b8 0000 
  0x000001f48024b5ac: 0000 4889 | b424 6001 

  0x000001f48024b5b4: ;   {optimized virtual_call}
  0x000001f48024b5b4: 0000 90e8 

  0x000001f48024b5b8: ; ImmutableOopMap {[232]=Oop [216]=Oop [336]=Oop [344]=Oop [352]=Oop [384]=Oop [400]=Oop }
                      ;*invokevirtual get {reexecute=0 rethrow=0 return_oop=0}
                      ; - jdk.internal.perf.PerfCounter::get@5 (line 84)
                      ; - jdk.internal.perf.PerfCounter::add@1 (line 98)
                      ; - jdk.internal.perf.PerfCounter::addElapsedTimeFrom@6 (line 120)
                      ; - java.net.URLClassLoader::defineClass@207 (line 523)
  0x000001f48024b5b8: 4470 f8ff | 4c8b c048 | 8d84 2488 | 0100 004c | 8b08 4d85 | c90f 840f | 0000 0048 | 8b50 08f0 
  0x000001f48024b5d8: 4c0f b10a | 0f85 a404 | 0000 488b | b424 6001 | 0000 8b56 | 1048 c1e2 | 0348 3b02 | 4d8b c848 
  0x000001f48024b5f8: 8b84 2468 | 0100 004c | 03c8 41b8 | 0000 0000 | 0f1f 8000 

  0x000001f48024b60c: ;   {optimized virtual_call}
  0x000001f48024b60c: 0000 00e8 

  0x000001f48024b610: ; ImmutableOopMap {[232]=Oop [216]=Oop [336]=Oop [344]=Oop [384]=Oop }
                      ;*invokevirtual put {reexecute=0 rethrow=0 return_oop=0}
                      ; - jdk.internal.perf.PerfCounter::add@13 (line 99)
                      ; - jdk.internal.perf.PerfCounter::addElapsedTimeFrom@6 (line 120)
                      ; - java.net.URLClassLoader::defineClass@207 (line 523)
  0x000001f48024b610: 6c7f f8ff | 488d 8424 | 7801 0000 | 4c8b 004d | 85c0 0f84 | 0f00 0000 | 488b 5008 | f04c 0fb1 
  0x000001f48024b630: 020f 856a | 0400 0048 | 8b84 2450 | 0100 008b | 700c 4c8b | 8424 5801 | 0000 488b | 9424 e800 
  0x000001f48024b650: 0000 89b4 | 2470 0100 | 0066 0f1f 

  0x000001f48024b65c: ;   {optimized virtual_call}
  0x000001f48024b65c: 4400 00e8 

  0x000001f48024b660: ; ImmutableOopMap {[232]=Oop [216]=Oop [344]=Oop [336]=Oop }
                      ;*invokevirtual getProtectionDomain {reexecute=0 rethrow=0 return_oop=0}
                      ; - java.security.SecureClassLoader::defineClass@9 (line 150)
                      ; - java.net.URLClassLoader::defineClass@220 (line 524)
  0x000001f48024b660: 9c82 0300 | 4c8b 8424 | d800 0000 | 4c8b 8c24 | 5001 0000 | bf00 0000 | 008b b424 | 7001 0000 
  0x000001f48024b680: 488b c848 | 8b94 24e8 | 0000 000f 

  0x000001f48024b68c: ;   {optimized virtual_call}
  0x000001f48024b68c: 1f40 00e8 

  0x000001f48024b690: ; ImmutableOopMap {[232]=Oop [216]=Oop [344]=Oop [336]=Oop }
                      ;*invokevirtual defineClass {reexecute=0 rethrow=0 return_oop=0}
                      ; - java.security.SecureClassLoader::defineClass@12 (line 150)
                      ; - java.net.URLClassLoader::defineClass@220 (line 524)
  0x000001f48024b690: 6ca0 0300 | 4881 c4a0 | 0100 005d 

  0x000001f48024b69c: ;   {poll_return}
  0x000001f48024b69c: 493b a748 | 0300 000f | 8713 0400 | 00c3 8b50 | 1448 c1e2 | 0344 8b48 | 0c41 b800 | 0000 000f 
  0x000001f48024b6bc: ;   {static_call}
  0x000001f48024b6bc: 1f40 00e8 

  0x000001f48024b6c0: ; ImmutableOopMap {[288]=Oop }
                      ;*invokestatic newString {reexecute=0 rethrow=0 return_oop=0}
                      ; - java.lang.StringBuilder::toString@31 (line 454)
                      ; - java.net.URLClassLoader::defineClass@124 (line 504)
  0x000001f48024b6c0: bc62 e0ff | 488b f048 | 8b84 2420 | 0100 004c | 8bc6 488b 

  0x000001f48024b6d4: ;   {optimized virtual_call}
  0x000001f48024b6d4: d066 90e8 

  0x000001f48024b6d8: ; ImmutableOopMap {[288]=Oop }
                      ;*invokespecial <init> {reexecute=0 rethrow=0 return_oop=0}
                      ; - java.net.URLClassLoader::defineClass@127 (line 504)
  0x000001f48024b6d8: a45c e0ff | 488b 8424 | 2001 0000 | e9ca 0400 | 0048 8bbc | 2468 0100 | 0048 8bb4 | 2450 0100 
  0x000001f48024b6f8: 0049 8b87 | d803 0000 | 4d33 d24d | 8997 d803 | 0000 4d33 | d24d 8997 | e003 0000 

  0x000001f48024b714: ;   {oop(a 'jdk/internal/perf/PerfCounter'{0x00000006805cdcb8})}
  0x000001f48024b714: 488b d048 | b8b8 dc5c | 8006 0000 | 0048 8d84 | 2488 0100 | 0048 8b08 | 4885 c90f | 840f 0000 
  0x000001f48024b734: 004c 8b40 | 08f0 490f | b108 0f85 | 8e03 0000 

  0x000001f48024b744: ; ImmutableOopMap {rbx=Oop [232]=Oop [216]=Oop rsi=Oop [336]=Oop [384]=Oop rax=Oop }
                      ;*invokevirtual get {reexecute=0 rethrow=0 return_oop=0}
                      ; - jdk.internal.perf.PerfCounter::add@1 (line 98)
                      ; - jdk.internal.perf.PerfCounter::addElapsedTimeFrom@6 (line 120)
                      ; - java.net.URLClassLoader::defineClass@207 (line 523)
                      ;   {section_word}
  0x000001f48024b744: 488b c248 | ba47 b724 | 80f4 0100 

  0x000001f48024b750: ;   {runtime_call handle_exception_nofpu Runtime1 stub}
  0x000001f48024b750: 00e8 aa70 | eaff 9049 | 8b87 d803 | 0000 4d33 | d24d 8997 | d803 0000 | 4d33 d24d | 8997 e003 
  0x000001f48024b770: 0000 488b 

  0x000001f48024b774: ;   {oop(a 'jdk/internal/perf/PerfCounter'{0x00000006805cdcb8})}
  0x000001f48024b774: d048 b8b8 | dc5c 8006 | 0000 0048 | 8d84 2478 | 0100 0048 | 8b30 4885 | f60f 840f | 0000 0048 
  0x000001f48024b794: 8b78 08f0 | 480f b137 | 0f85 4603 | 0000 488b | c2e9 0904 | 0000 488b | b424 4801 | 0000 4c8b 
  0x000001f48024b7b4: 8424 d800 | 0000 498b | 87d8 0300 | 004d 33d2 | 4d89 97d8 | 0300 004d | 33d2 4d89 | 97e0 0300 
  0x000001f48024b7d4: 0048 8bd0 

  0x000001f48024b7d8: ;   {oop(a 'jdk/internal/perf/PerfCounter'{0x00000006805cdcb8})}
  0x000001f48024b7d8: 48b8 b8dc | 5c80 0600 | 0000 488d | 8424 8801 | 0000 4c8b | 084d 85c9 | 0f84 0f00 | 0000 4c8b 
  0x000001f48024b7f8: 5808 f04d | 0fb1 0b0f | 85f9 0200 

  0x000001f48024b804: ; ImmutableOopMap {rdi=Oop rbx=Oop rcx=Oop r8=Oop [216]=Oop [384]=Oop rax=Oop }
                      ;*invokevirtual get {reexecute=0 rethrow=0 return_oop=0}
                      ; - jdk.internal.perf.PerfCounter::add@1 (line 98)
                      ; - jdk.internal.perf.PerfCounter::addElapsedTimeFrom@6 (line 120)
                      ; - java.net.URLClassLoader::defineClass@165 (line 516)
  0x000001f48024b804: 0048 8bc2 

  0x000001f48024b808: ;   {section_word}
  0x000001f48024b808: 48ba 08b8 | 2480 f401 

  0x000001f48024b810: ;   {runtime_call handle_exception_nofpu Runtime1 stub}
  0x000001f48024b810: 0000 e8e9 | 6fea ff90 | 498b 87d8 | 0300 004d | 33d2 4d89 | 97d8 0300 | 004d 33d2 | 4d89 97e0 
  0x000001f48024b830: 0300 0048 

  0x000001f48024b834: ;   {oop(a 'jdk/internal/perf/PerfCounter'{0x00000006805cdcb8})}
  0x000001f48024b834: 8bf0 48b8 | b8dc 5c80 | 0600 0000 | 488d 8424 | 7801 0000 | 488b 3848 | 85ff 0f84 | 0f00 0000 
  0x000001f48024b854: 488b 5808 | f048 0fb1 | 3b0f 85b1 | 0200 0048 | 8bc6 e948 | 0300 0049 | 8b87 d803 | 0000 4d33 
  0x000001f48024b874: d24d 8997 | d803 0000 | 4d33 d24d | 8997 e003 | 0000 488b | f048 8d84 | 2478 0100 | 0048 8b38 
  0x000001f48024b894: 4885 ff0f | 840f 0000 | 0048 8b58 | 08f0 480f | b13b 0f85 | 7e02 0000 | 488b c6e9 | ff02 0000 
  0x000001f48024b8b4: ;   {runtime_call throw_null_pointer_exception Runtime1 stub}
  0x000001f48024b8b4: e867 57ea 

  0x000001f48024b8b8: ; ImmutableOopMap {[232]=Oop [224]=Oop r8=Oop [216]=Oop }
                      ;*invokevirtual lastIndexOf {reexecute=0 rethrow=0 return_oop=0}
                      ; - java.net.URLClassLoader::defineClass@7 (line 486)
                      ;   {runtime_call throw_null_pointer_exception Runtime1 stub}
  0x000001f48024b8b8: ffe8 6257 

  0x000001f48024b8bc: ; ImmutableOopMap {[232]=Oop [224]=Oop r8=Oop [216]=Oop rsi=Oop }
                      ;*arraylength {reexecute=0 rethrow=0 return_oop=0}
                      ; - java.lang.String::length@4 (line 1481)
                      ; - java.lang.String::lastIndexOf@3 (line 2451)
                      ; - java.net.URLClassLoader::defineClass@7 (line 486)
                      ;   {runtime_call throw_null_pointer_exception Runtime1 stub}
  0x000001f48024b8bc: eaff e85d 

  0x000001f48024b8c0: ; ImmutableOopMap {[232]=Oop [216]=Oop r9=Oop [224]=Oop }
                      ;*invokevirtual getCodeSourceURL {reexecute=0 rethrow=0 return_oop=0}
                      ; - java.net.URLClassLoader::defineClass@13 (line 487)
                      ;   {runtime_call throw_null_pointer_exception Runtime1 stub}
  0x000001f48024b8c0: 57ea ffe8 

  0x000001f48024b8c4: ; ImmutableOopMap {[232]=Oop [216]=Oop r9=Oop [224]=Oop }
                      ;*getfield csu {reexecute=1 rethrow=0 return_oop=0}
                      ; - (reexecute) jdk.internal.loader.URLClassPath$JarLoader$2::getCodeSourceURL@4 (line 879)
                      ; - java.net.URLClassLoader::defineClass@13 (line 487)
  0x000001f48024b8c4: 5857 eaff 

  0x000001f48024b8c8: ;   {runtime_call fast_new_instance Runtime1 stub}
  0x000001f48024b8c8: 488b d2e8 

  0x000001f48024b8cc: ; ImmutableOopMap {[232]=Oop [216]=Oop [224]=Oop [248]=Oop [264]=Oop }
                      ;*new {reexecute=0 rethrow=0 return_oop=0}
                      ; - java.lang.invoke.MethodHandles::lookup@0 (line 116)
                      ; - jdk.internal.access.SharedSecrets::ensureClassInitialized@0 (line 457)
                      ; - jdk.internal.access.SharedSecrets::javaUtilJarAccess@10 (line 107)
                      ; - jdk.internal.loader.URLClassPath$JarLoader$2::getManifest@0 (line 885)
                      ; - java.net.URLClassLoader::defineClass@34 (line 491)
  0x000001f48024b8cc: 3060 eaff | e991 f3ff 

  0x000001f48024b8d4: ;   {runtime_call throw_null_pointer_exception Runtime1 stub}
  0x000001f48024b8d4: ffe8 4657 

  0x000001f48024b8d8: ; ImmutableOopMap {[232]=Oop [216]=Oop [248]=Oop [264]=Oop rdx=Oop r9=Oop [224]=Oop }
                      ;*getfield jar {reexecute=1 rethrow=0 return_oop=0}
                      ; - (reexecute) jdk.internal.loader.URLClassPath$JarLoader$2::getManifest@7 (line 885)
                      ; - java.net.URLClassLoader::defineClass@34 (line 491)
                      ;   {runtime_call throw_incompatible_class_change_error Runtime1 stub}
  0x000001f48024b8d8: eaff e841 

  0x000001f48024b8dc: ; ImmutableOopMap {[232]=Oop [216]=Oop [248]=Oop [264]=Oop rdx=Oop r9=Oop [224]=Oop rsi=Oop }
                      ;*invokeinterface ensureInitialization {reexecute=0 rethrow=0 return_oop=0}
                      ; - jdk.internal.loader.URLClassPath$JarLoader$2::getManifest@10 (line 885)
                      ; - java.net.URLClassLoader::defineClass@34 (line 491)
                      ;   {runtime_call throw_null_pointer_exception Runtime1 stub}
  0x000001f48024b8dc: 7eea ffe8 

  0x000001f48024b8e0: ; ImmutableOopMap {[232]=Oop [216]=Oop [248]=Oop [264]=Oop r9=Oop [224]=Oop rsi=Oop }
                      ;*invokeinterface ensureInitialization {reexecute=0 rethrow=0 return_oop=0}
                      ; - jdk.internal.loader.URLClassPath$JarLoader$2::getManifest@10 (line 885)
                      ; - java.net.URLClassLoader::defineClass@34 (line 491)
  0x000001f48024b8e0: 3c57 eaff 

  0x000001f48024b8e4: ;   {runtime_call throw_null_pointer_exception Runtime1 stub}
  0x000001f48024b8e4: e837 57ea 

  0x000001f48024b8e8: ; ImmutableOopMap {[232]=Oop [216]=Oop [248]=Oop [264]=Oop r9=Oop [224]=Oop rsi=Oop }
                      ;*invokevirtual ensureInitialization {reexecute=0 rethrow=0 return_oop=0}
                      ; - java.util.jar.JavaUtilJarAccessImpl::ensureInitialization@1 (line 72)
                      ; - jdk.internal.loader.URLClassPath$JarLoader$2::getManifest@10 (line 885)
                      ; - java.net.URLClassLoader::defineClass@34 (line 491)
                      ;   {runtime_call throw_null_pointer_exception Runtime1 stub}
  0x000001f48024b8e8: ffe8 3257 

  0x000001f48024b8ec: ; ImmutableOopMap {[232]=Oop [216]=Oop [248]=Oop [264]=Oop r9=Oop [224]=Oop }
                      ;*getfield jar {reexecute=1 rethrow=0 return_oop=0}
                      ; - (reexecute) jdk.internal.loader.URLClassPath$JarLoader$2::getManifest@19 (line 886)
                      ; - java.net.URLClassLoader::defineClass@34 (line 491)
  0x000001f48024b8ec: eaff 4c89 | 4c24 084c 

  0x000001f48024b8f4: ;   {runtime_call monitorenter_nofpu Runtime1 stub}
  0x000001f48024b8f4: 8904 24e8 

  0x000001f48024b8f8: ; ImmutableOopMap {[232]=Oop [216]=Oop [248]=Oop r9=Oop [224]=Oop [384]=Oop }
                      ;*synchronization entry
                      ; - jdk.internal.loader.Resource::cachedInputStream@-1 (line 76)
                      ; - jdk.internal.loader.Resource::getByteBuffer@1 (line 163)
                      ; - java.net.URLClassLoader::defineClass@132 (line 511)
  0x000001f48024b8f8: 0487 eaff | e9c9 f5ff 

  0x000001f48024b900: ;   {runtime_call throw_null_pointer_exception Runtime1 stub}
  0x000001f48024b900: ffe8 1a57 

  0x000001f48024b904: ; ImmutableOopMap {[232]=Oop [216]=Oop [248]=Oop r9=Oop [224]=Oop [384]=Oop }
                      ;*getfield jar {reexecute=1 rethrow=0 return_oop=0}
                      ; - (reexecute) jdk.internal.loader.URLClassPath$JarLoader$2::getInputStream@4 (line 881)
                      ; - jdk.internal.loader.Resource::cachedInputStream@9 (line 77)
                      ; - jdk.internal.loader.Resource::getByteBuffer@1 (line 163)
                      ; - java.net.URLClassLoader::defineClass@132 (line 511)
                      ;   {runtime_call throw_null_pointer_exception Runtime1 stub}
  0x000001f48024b904: eaff e815 

  0x000001f48024b908: ; ImmutableOopMap {[232]=Oop [216]=Oop [248]=Oop r9=Oop [224]=Oop rdx=Oop r8=Oop [384]=Oop }
                      ;*invokevirtual getInputStream {reexecute=0 rethrow=0 return_oop=0}
                      ; - jdk.internal.loader.URLClassPath$JarLoader$2::getInputStream@11 (line 881)
                      ; - jdk.internal.loader.Resource::cachedInputStream@9 (line 77)
                      ; - jdk.internal.loader.Resource::getByteBuffer@1 (line 163)
                      ; - java.net.URLClassLoader::defineClass@132 (line 511)
  0x000001f48024b908: 57ea ff41 | 8b51 0c48 | c1e2 0348 | 83fa 000f | 84f5 f5ff | ff48 8914 

  0x000001f48024b920: ;   {runtime_call g1_pre_barrier_slow}
  0x000001f48024b920: 24e8 daad | eaff e9e7 | f5ff ff48 | 83f8 000f | 84fc f5ff | ff4c 890c 

  0x000001f48024b938: ;   {runtime_call g1_post_barrier_slow}
  0x000001f48024b938: 24e8 c2b0 | eaff e9ee | f5ff ff48 | 8d84 2478 | 0100 0048 

  0x000001f48024b94c: ;   {runtime_call monitorexit_nofpu Runtime1 stub}
  0x000001f48024b94c: 8904 24e8 | ac8c eaff | e903 f6ff | ff48 8914 

  0x000001f48024b95c: ;   {runtime_call throw_class_cast_exception Runtime1 stub}
  0x000001f48024b95c: 24e8 be7a 

  0x000001f48024b960: ; ImmutableOopMap {[232]=Oop [216]=Oop [248]=Oop [224]=Oop }
                      ;*checkcast {reexecute=0 rethrow=0 return_oop=0}
                      ; - jdk.internal.loader.Resource::getByteBuffer@13 (line 165)
                      ; - java.net.URLClassLoader::defineClass@132 (line 511)
                      ;   {runtime_call throw_null_pointer_exception Runtime1 stub}
  0x000001f48024b960: eaff e8b9 

  0x000001f48024b964: ; ImmutableOopMap {[264]=Oop }
                      ;*new {reexecute=0 rethrow=0 return_oop=0}
                      ; - java.net.URLClassLoader::defineClass@103 (line 504)
  0x000001f48024b964: 56ea ff48 

  0x000001f48024b968: ;   {runtime_call fast_new_instance_init_check Runtime1 stub}
  0x000001f48024b968: 8bd2 e891 

  0x000001f48024b96c: ; ImmutableOopMap {[264]=Oop }
                      ;*new {reexecute=0 rethrow=0 return_oop=0}
                      ; - java.net.URLClassLoader::defineClass@103 (line 504)
  0x000001f48024b96c: 62ea ffe9 | 33f7 ffff 

  0x000001f48024b974: ;   {runtime_call fast_new_instance Runtime1 stub}
  0x000001f48024b974: 488b d2e8 

  0x000001f48024b978: ; ImmutableOopMap {[264]=Oop [288]=Oop }
                      ;*new {reexecute=0 rethrow=0 return_oop=0}
                      ; - java.net.URLClassLoader::defineClass@107 (line 504)
  0x000001f48024b978: 845f eaff | e97e f7ff | ff48 8bd2 

  0x000001f48024b984: ;   {runtime_call fast_new_instance Runtime1 stub}
  0x000001f48024b984: e877 5fea 

  0x000001f48024b988: ; ImmutableOopMap {[288]=Oop r8=Oop }
                      ;*new {reexecute=0 rethrow=0 return_oop=0}
                      ; - java.lang.StringLatin1::newString@7 (line 769)
                      ; - java.lang.StringBuilder::toString@16 (line 453)
                      ; - java.net.URLClassLoader::defineClass@124 (line 504)
  0x000001f48024b988: ffe9 5ef8 | ffff 8b72 | 1448 c1e6 | 0348 83fe | 000f 847b | f8ff ff48 

  0x000001f48024b9a0: ;   {runtime_call g1_pre_barrier_slow}
  0x000001f48024b9a0: 8934 24e8 | 58ad eaff | e96d f8ff | ff48 83f8 | 000f 8482 | f8ff ff48 

  0x000001f48024b9b8: ;   {runtime_call g1_post_barrier_slow}
  0x000001f48024b9b8: 8914 24e8 | 40b0 eaff | e974 f8ff | ff48 8bd2 

  0x000001f48024b9c8: ;   {runtime_call fast_new_instance Runtime1 stub}
  0x000001f48024b9c8: e833 5fea 

  0x000001f48024b9cc: ; ImmutableOopMap {[232]=Oop [216]=Oop [248]=Oop [304]=Oop r9=Oop }
                      ;*new {reexecute=0 rethrow=0 return_oop=0}
                      ; - java.net.URLClassLoader::defineClass@148 (line 515)
  0x000001f48024b9cc: ffe9 f5f8 

  0x000001f48024b9d0: ;   {runtime_call throw_null_pointer_exception Runtime1 stub}
  0x000001f48024b9d0: ffff e849 

  0x000001f48024b9d4: ; ImmutableOopMap {[232]=Oop [216]=Oop [304]=Oop [312]=Oop rsi=Oop }
                      ;*synchronization entry
                      ; - jdk.internal.perf.PerfCounter::add@-1 (line 98)
                      ; - jdk.internal.perf.PerfCounter::addElapsedTimeFrom@6 (line 120)
                      ; - java.net.URLClassLoader::defineClass@165 (line 516)
  0x000001f48024b9d4: 56ea ff48 | 8974 2408 | 4c89 0424 

  0x000001f48024b9e0: ;   {runtime_call monitorenter_nofpu Runtime1 stub}
  0x000001f48024b9e0: e81b 86ea 

  0x000001f48024b9e4: ; ImmutableOopMap {[232]=Oop [216]=Oop [304]=Oop [312]=Oop rsi=Oop [384]=Oop }
                      ;*synchronization entry
                      ; - jdk.internal.perf.PerfCounter::add@-1 (line 98)
                      ; - jdk.internal.perf.PerfCounter::addElapsedTimeFrom@6 (line 120)
                      ; - java.net.URLClassLoader::defineClass@165 (line 516)
  0x000001f48024b9e4: ffe9 58f9 | ffff 4889 | 7424 084c 

  0x000001f48024b9f0: ;   {runtime_call monitorenter_nofpu Runtime1 stub}
  0x000001f48024b9f0: 8904 24e8 

  0x000001f48024b9f4: ; ImmutableOopMap {[232]=Oop [216]=Oop [304]=Oop [312]=Oop rsi=Oop [384]=Oop [400]=Oop }
                      ;*synchronization entry
                      ; - jdk.internal.perf.PerfCounter::get@-1 (line 84)
                      ; - jdk.internal.perf.PerfCounter::add@1 (line 98)
                      ; - jdk.internal.perf.PerfCounter::addElapsedTimeFrom@6 (line 120)
                      ; - java.net.URLClassLoader::defineClass@165 (line 516)
  0x000001f48024b9f4: 0886 eaff | e979 f9ff 

  0x000001f48024b9fc: ;   {runtime_call throw_null_pointer_exception Runtime1 stub}
  0x000001f48024b9fc: ffe8 1e56 

  0x000001f48024ba00: ; ImmutableOopMap {[232]=Oop [216]=Oop [304]=Oop [312]=Oop rsi=Oop rdx=Oop [384]=Oop [400]=Oop }
                      ;*invokevirtual get {reexecute=0 rethrow=0 return_oop=0}
                      ; - jdk.internal.perf.PerfCounter::get@5 (line 84)
                      ; - jdk.internal.perf.PerfCounter::add@1 (line 98)
                      ; - jdk.internal.perf.PerfCounter::addElapsedTimeFrom@6 (line 120)
                      ; - java.net.URLClassLoader::defineClass@165 (line 516)
  0x000001f48024ba00: eaff 488d | 8424 8801 | 0000 4889 

  0x000001f48024ba0c: ;   {runtime_call monitorexit_nofpu Runtime1 stub}
  0x000001f48024ba0c: 0424 e8ed | 8bea ffe9 | a2f9 ffff 

  0x000001f48024ba18: ;   {runtime_call throw_null_pointer_exception Runtime1 stub}
  0x000001f48024ba18: e803 56ea 

  0x000001f48024ba1c: ; ImmutableOopMap {[232]=Oop [216]=Oop [304]=Oop [312]=Oop rdx=Oop [384]=Oop }
                      ;*invokevirtual put {reexecute=0 rethrow=0 return_oop=0}
                      ; - jdk.internal.perf.PerfCounter::add@13 (line 99)
                      ; - jdk.internal.perf.PerfCounter::addElapsedTimeFrom@6 (line 120)
                      ; - java.net.URLClassLoader::defineClass@165 (line 516)
  0x000001f48024ba1c: ff48 8d84 | 2478 0100 | 0048 8904 

  0x000001f48024ba28: ;   {runtime_call monitorexit_nofpu Runtime1 stub}
  0x000001f48024ba28: 24e8 d28b | eaff e9dc 

  0x000001f48024ba30: ;   {internal_word}
  0x000001f48024ba30: f9ff ff49 | ba4c b424 | 80f4 0100 | 004d 8997 | 6003 0000 

  0x000001f48024ba44: ;   {runtime_call SafepointBlob}
  0x000001f48024ba44: e9b7 bfe0 | ff48 8bd2 

  0x000001f48024ba4c: ;   {runtime_call fast_new_instance Runtime1 stub}
  0x000001f48024ba4c: e8af 5eea 

  0x000001f48024ba50: ; ImmutableOopMap {[232]=Oop [216]=Oop [248]=Oop [336]=Oop r9=Oop }
                      ;*new {reexecute=0 rethrow=0 return_oop=0}
                      ; - java.net.URLClassLoader::defineClass@190 (line 522)
  0x000001f48024ba50: ffe9 99fa 

  0x000001f48024ba54: ;   {runtime_call throw_null_pointer_exception Runtime1 stub}
  0x000001f48024ba54: ffff e8c5 

  0x000001f48024ba58: ; ImmutableOopMap {[232]=Oop [216]=Oop [336]=Oop [344]=Oop rsi=Oop }
                      ;*synchronization entry
                      ; - jdk.internal.perf.PerfCounter::add@-1 (line 98)
                      ; - jdk.internal.perf.PerfCounter::addElapsedTimeFrom@6 (line 120)
                      ; - java.net.URLClassLoader::defineClass@207 (line 523)
  0x000001f48024ba58: 55ea ff48 | 8974 2408 | 4c89 0424 

  0x000001f48024ba64: ;   {runtime_call monitorenter_nofpu Runtime1 stub}
  0x000001f48024ba64: e897 85ea 

  0x000001f48024ba68: ; ImmutableOopMap {[232]=Oop [216]=Oop [336]=Oop [344]=Oop rsi=Oop [384]=Oop }
                      ;*synchronization entry
                      ; - jdk.internal.perf.PerfCounter::add@-1 (line 98)
                      ; - jdk.internal.perf.PerfCounter::addElapsedTimeFrom@6 (line 120)
                      ; - java.net.URLClassLoader::defineClass@207 (line 523)
  0x000001f48024ba68: ffe9 fcfa | ffff 4889 | 7424 084c 

  0x000001f48024ba74: ;   {runtime_call monitorenter_nofpu Runtime1 stub}
  0x000001f48024ba74: 8904 24e8 

  0x000001f48024ba78: ; ImmutableOopMap {[232]=Oop [216]=Oop [336]=Oop [344]=Oop rsi=Oop [384]=Oop [400]=Oop }
                      ;*synchronization entry
                      ; - jdk.internal.perf.PerfCounter::get@-1 (line 84)
                      ; - jdk.internal.perf.PerfCounter::add@1 (line 98)
                      ; - jdk.internal.perf.PerfCounter::addElapsedTimeFrom@6 (line 120)
                      ; - java.net.URLClassLoader::defineClass@207 (line 523)
  0x000001f48024ba78: 8485 eaff | e91d fbff 

  0x000001f48024ba80: ;   {runtime_call throw_null_pointer_exception Runtime1 stub}
  0x000001f48024ba80: ffe8 9a55 

  0x000001f48024ba84: ; ImmutableOopMap {[232]=Oop [216]=Oop [336]=Oop [344]=Oop rsi=Oop rdx=Oop [384]=Oop [400]=Oop }
                      ;*invokevirtual get {reexecute=0 rethrow=0 return_oop=0}
                      ; - jdk.internal.perf.PerfCounter::get@5 (line 84)
                      ; - jdk.internal.perf.PerfCounter::add@1 (line 98)
                      ; - jdk.internal.perf.PerfCounter::addElapsedTimeFrom@6 (line 120)
                      ; - java.net.URLClassLoader::defineClass@207 (line 523)
  0x000001f48024ba84: eaff 488d | 8424 8801 | 0000 4889 

  0x000001f48024ba90: ;   {runtime_call monitorexit_nofpu Runtime1 stub}
  0x000001f48024ba90: 0424 e869 | 8bea ffe9 | 46fb ffff 

  0x000001f48024ba9c: ;   {runtime_call throw_null_pointer_exception Runtime1 stub}
  0x000001f48024ba9c: e87f 55ea 

  0x000001f48024baa0: ; ImmutableOopMap {[232]=Oop [216]=Oop [336]=Oop [344]=Oop rdx=Oop [384]=Oop }
                      ;*invokevirtual put {reexecute=0 rethrow=0 return_oop=0}
                      ; - jdk.internal.perf.PerfCounter::add@13 (line 99)
                      ; - jdk.internal.perf.PerfCounter::addElapsedTimeFrom@6 (line 120)
                      ; - java.net.URLClassLoader::defineClass@207 (line 523)
  0x000001f48024baa0: ff48 8d84 | 2478 0100 | 0048 8904 

  0x000001f48024baac: ;   {runtime_call monitorexit_nofpu Runtime1 stub}
  0x000001f48024baac: 24e8 4e8b | eaff e980 

  0x000001f48024bab4: ;   {runtime_call throw_null_pointer_exception Runtime1 stub}
  0x000001f48024bab4: fbff ffe8 

  0x000001f48024bab8: ; ImmutableOopMap {[232]=Oop [216]=Oop [344]=Oop rax=Oop [336]=Oop }
                      ;*arraylength {reexecute=0 rethrow=0 return_oop=0}
                      ; - java.net.URLClassLoader::defineClass@217 (line 524)
  0x000001f48024bab8: 6455 eaff 

  0x000001f48024babc: ;   {internal_word}
  0x000001f48024babc: 49ba 9cb6 | 2480 f401 | 0000 4d89 | 9760 0300 

  0x000001f48024bacc: ;   {runtime_call SafepointBlob}
  0x000001f48024bacc: 00e9 2ebf | e0ff 488d | 8424 8801 | 0000 4889 

  0x000001f48024badc: ;   {runtime_call monitorexit_nofpu Runtime1 stub}
  0x000001f48024badc: 0424 e81d | 8bea ffe9 | 5cfc ffff | 488d 8424 | 7801 0000 | 4889 0424 

  0x000001f48024baf4: ;   {runtime_call monitorexit_nofpu Runtime1 stub}
  0x000001f48024baf4: e807 8bea | ffe9 a4fc | ffff 488d | 8424 8801 | 0000 4889 

  0x000001f48024bb08: ;   {runtime_call monitorexit_nofpu Runtime1 stub}
  0x000001f48024bb08: 0424 e8f1 | 8aea ffe9 | f1fc ffff | 488d 8424 | 7801 0000 | 4889 0424 

  0x000001f48024bb20: ;   {runtime_call monitorexit_nofpu Runtime1 stub}
  0x000001f48024bb20: e8db 8aea | ffe9 39fd | ffff 488d | 8424 7801 | 0000 4889 

  0x000001f48024bb34: ;   {runtime_call monitorexit_nofpu Runtime1 stub}
  0x000001f48024bb34: 0424 e8c5 | 8aea ffe9 | 6cfd ffff | 488b bc24 | 3801 0000 | 488b 9c24 | 3001 0000 | 488b 8c24 
  0x000001f48024bb54: e800 0000 | e94d fcff | ff48 8b9c | 2458 0100 | 00e9 7ffb | ffff 488b | bc24 3801 | 0000 488b 
  0x000001f48024bb74: 9c24 3001 | 0000 488b | 8c24 e800 | 0000 e923 | fcff ff48 | 8b9c 2458 | 0100 00e9 | 55fb ffff 
  0x000001f48024bb94: 9090 498b | 87d8 0300 | 0049 c787 | d803 0000 | 0000 0000 | 49c7 87e0 | 0300 0000 | 0000 0048 
  0x000001f48024bbb4: 81c4 a001 

  0x000001f48024bbb8: ;   {runtime_call unwind_exception Runtime1 stub}
  0x000001f48024bbb8: 0000 5de9 | 4045 eaff 
[Stub Code]
  0x000001f48024bbc0: ;   {no_reloc}
  0x000001f48024bbc0: 0f1f 4400 

  0x000001f48024bbc4: ;   {static_stub}
  0x000001f48024bbc4: 0048 bb00 | 0000 0000 

  0x000001f48024bbcc: ;   {runtime_call}
  0x000001f48024bbcc: 0000 00e9 | fbff ffff 

  0x000001f48024bbd4: ;   {static_stub}
  0x000001f48024bbd4: 9048 bb00 | 0000 0000 

  0x000001f48024bbdc: ;   {runtime_call}
  0x000001f48024bbdc: 0000 00e9 | fbff ffff 

  0x000001f48024bbe4: ;   {static_stub}
  0x000001f48024bbe4: 9048 bb00 | 0000 0000 

  0x000001f48024bbec: ;   {runtime_call}
  0x000001f48024bbec: 0000 00e9 | fbff ffff 

  0x000001f48024bbf4: ;   {static_stub}
  0x000001f48024bbf4: 9048 bb00 | 0000 0000 

  0x000001f48024bbfc: ;   {runtime_call}
  0x000001f48024bbfc: 0000 00e9 | fbff ffff 

  0x000001f48024bc04: ;   {static_stub}
  0x000001f48024bc04: 9048 bb00 | 0000 0000 

  0x000001f48024bc0c: ;   {runtime_call}
  0x000001f48024bc0c: 0000 00e9 | fbff ffff 

  0x000001f48024bc14: ;   {static_stub}
  0x000001f48024bc14: 9048 bb00 | 0000 0000 

  0x000001f48024bc1c: ;   {runtime_call}
  0x000001f48024bc1c: 0000 00e9 | fbff ffff 

  0x000001f48024bc24: ;   {static_stub}
  0x000001f48024bc24: 9048 bba8 | 8818 96f4 

  0x000001f48024bc2c: ;   {runtime_call I2C/C2I adapters}
  0x000001f48024bc2c: 0100 00e9 | 25a1 e0ff 

  0x000001f48024bc34: ;   {static_stub}
  0x000001f48024bc34: 9048 bb00 | 0000 0000 

  0x000001f48024bc3c: ;   {runtime_call}
  0x000001f48024bc3c: 0000 00e9 | fbff ffff 

  0x000001f48024bc44: ;   {static_stub}
  0x000001f48024bc44: 9048 bb00 | 0000 0000 

  0x000001f48024bc4c: ;   {runtime_call}
  0x000001f48024bc4c: 0000 00e9 | fbff ffff 

  0x000001f48024bc54: ;   {static_stub}
  0x000001f48024bc54: 9048 bbc0 | b503 cbf4 

  0x000001f48024bc5c: ;   {runtime_call I2C/C2I adapters}
  0x000001f48024bc5c: 0100 00e9 | 81c0 dfff 

  0x000001f48024bc64: ;   {static_stub}
  0x000001f48024bc64: 9048 bb20 | a000 96f4 

  0x000001f48024bc6c: ;   {runtime_call I2C/C2I adapters}
  0x000001f48024bc6c: 0100 00e9 | 98b4 dfff 

  0x000001f48024bc74: ;   {static_stub}
  0x000001f48024bc74: 9048 bb00 | 0000 0000 

  0x000001f48024bc7c: ;   {runtime_call}
  0x000001f48024bc7c: 0000 00e9 | fbff ffff 

  0x000001f48024bc84: ;   {static_stub}
  0x000001f48024bc84: 9048 bb00 | 0000 0000 

  0x000001f48024bc8c: ;   {runtime_call}
  0x000001f48024bc8c: 0000 00e9 | fbff ffff 

  0x000001f48024bc94: ;   {static_stub}
  0x000001f48024bc94: 9048 bb00 | 0000 0000 

  0x000001f48024bc9c: ;   {runtime_call}
  0x000001f48024bc9c: 0000 00e9 | fbff ffff 

  0x000001f48024bca4: ;   {static_stub}
  0x000001f48024bca4: 9048 bb00 | 0000 0000 

  0x000001f48024bcac: ;   {runtime_call}
  0x000001f48024bcac: 0000 00e9 | fbff ffff 

  0x000001f48024bcb4: ;   {static_stub}
  0x000001f48024bcb4: 9048 bb00 | 0000 0000 

  0x000001f48024bcbc: ;   {runtime_call}
  0x000001f48024bcbc: 0000 00e9 | fbff ffff 

  0x000001f48024bcc4: ;   {static_stub}
  0x000001f48024bcc4: 9048 bb00 | 0000 0000 

  0x000001f48024bccc: ;   {runtime_call}
  0x000001f48024bccc: 0000 00e9 | fbff ffff 

  0x000001f48024bcd4: ;   {static_stub}
  0x000001f48024bcd4: 9048 bb00 | 0000 0000 

  0x000001f48024bcdc: ;   {runtime_call}
  0x000001f48024bcdc: 0000 00e9 | fbff ffff 

  0x000001f48024bce4: ;   {static_stub}
  0x000001f48024bce4: 9048 bb00 | 0000 0000 

  0x000001f48024bcec: ;   {runtime_call}
  0x000001f48024bcec: 0000 00e9 | fbff ffff 

  0x000001f48024bcf4: ;   {static_stub}
  0x000001f48024bcf4: 9048 bb00 | 0000 0000 

  0x000001f48024bcfc: ;   {runtime_call}
  0x000001f48024bcfc: 0000 00e9 | fbff ffff 

  0x000001f48024bd04: ;   {static_stub}
  0x000001f48024bd04: 9048 bb00 | 0000 0000 

  0x000001f48024bd0c: ;   {runtime_call}
  0x000001f48024bd0c: 0000 00e9 | fbff ffff 

  0x000001f48024bd14: ;   {static_stub}
  0x000001f48024bd14: 9048 bb00 | 0000 0000 

  0x000001f48024bd1c: ;   {runtime_call}
  0x000001f48024bd1c: 0000 00e9 | fbff ffff 

  0x000001f48024bd24: ;   {static_stub}
  0x000001f48024bd24: 9048 bb00 | 0000 0000 

  0x000001f48024bd2c: ;   {runtime_call}
  0x000001f48024bd2c: 0000 00e9 | fbff ffff 

  0x000001f48024bd34: ;   {static_stub}
  0x000001f48024bd34: 9048 bb00 | 0000 0000 

  0x000001f48024bd3c: ;   {runtime_call}
  0x000001f48024bd3c: 0000 00e9 | fbff ffff 

  0x000001f48024bd44: ;   {static_stub}
  0x000001f48024bd44: 9048 bb08 | 6619 96f4 

  0x000001f48024bd4c: ;   {runtime_call I2C/C2I adapters}
  0x000001f48024bd4c: 0100 00e9 | 05a0 e0ff 

  0x000001f48024bd54: ;   {static_stub}
  0x000001f48024bd54: 9048 bb00 | 0000 0000 

  0x000001f48024bd5c: ;   {runtime_call}
  0x000001f48024bd5c: 0000 00e9 | fbff ffff 

  0x000001f48024bd64: ;   {static_stub}
  0x000001f48024bd64: 9048 bbf0 | 2e42 96f4 

  0x000001f48024bd6c: ;   {runtime_call I2C/C2I adapters}
  0x000001f48024bd6c: 0100 00e9 | 6d1c e0ff 

  0x000001f48024bd74: ;   {static_stub}
  0x000001f48024bd74: 9048 bb00 | 0000 0000 

  0x000001f48024bd7c: ;   {runtime_call}
  0x000001f48024bd7c: 0000 00e9 | fbff ffff 

  0x000001f48024bd84: ;   {static_stub}
  0x000001f48024bd84: 9048 bb00 | 0000 0000 

  0x000001f48024bd8c: ;   {runtime_call}
  0x000001f48024bd8c: 0000 00e9 | fbff ffff 

  0x000001f48024bd94: ;   {static_stub}
  0x000001f48024bd94: 9048 bbb0 | 5043 96f4 

  0x000001f48024bd9c: ;   {runtime_call I2C/C2I adapters}
  0x000001f48024bd9c: 0100 00e9 | b9a8 e0ff 

  0x000001f48024bda4: ;   {static_stub}
  0x000001f48024bda4: 9048 bba8 | 0c01 96f4 

  0x000001f48024bdac: ;   {runtime_call I2C/C2I adapters}
  0x000001f48024bdac: 0100 00e9 | 37b9 dfff 

  0x000001f48024bdb4: ;   {static_stub}
  0x000001f48024bdb4: 9048 bb00 | 0000 0000 

  0x000001f48024bdbc: ;   {runtime_call}
  0x000001f48024bdbc: 0000 00e9 | fbff ffff 

  0x000001f48024bdc4: ;   {static_stub}
  0x000001f48024bdc4: 9048 bb00 | 0000 0000 

  0x000001f48024bdcc: ;   {runtime_call}
  0x000001f48024bdcc: 0000 00e9 | fbff ffff 
[Exception Handler]
  0x000001f48024bdd4: ;   {runtime_call handle_exception_from_callee Runtime1 stub}
  0x000001f48024bdd4: e827 70ea 

  0x000001f48024bdd8: ;   {external_word}
  0x000001f48024bdd8: ff48 b900 | fa8c 56fd | 7f00 0048 

  0x000001f48024bde4: ;   {runtime_call}
  0x000001f48024bde4: 83e4 f049 | baf0 9755 | 56fd 7f00 | 0041 ffd2 

  0x000001f48024bdf4: ;   {section_word}
  0x000001f48024bdf4: f449 baf5 | bd24 80f4 | 0100 0041 

  0x000001f48024be00: ;   {runtime_call DeoptimizationBlob}
  0x000001f48024be00: 52e9 9aae | e0ff f4f4 
[/MachCode]


---------------  P R O C E S S  ---------------

Threads class SMR info:
_java_thread_list=0x000001f4d03600f0, length=32, elements={
0x000001f4ecb0df20, 0x000001f4fec16750, 0x000001f4fec17d90, 0x000001f4fec2c060,
0x000001f4fec2e940, 0x000001f4fec31220, 0x000001f4fec31af0, 0x000001f4fec323c0,
0x000001f4fec38610, 0x000001f4febff7c0, 0x000001f4fedc6370, 0x000001f4ff78e020,
0x000001f4cf00a950, 0x000001f4cf0af830, 0x000001f4fede76e0, 0x000001f4fede7f90,
0x000001f4cf05f000, 0x000001f4ff7fd380, 0x000001f4ff800110, 0x000001f4ff7fe2b0,
0x000001f4ff7fd890, 0x000001f4ff7fe7c0, 0x000001f4ff7fdda0, 0x000001f4ff7ffc00,
0x000001f4ff7ff6f0, 0x000001f4ff800620, 0x000001f4ff7fecd0, 0x000001f4ff7fce70,
0x000001f4ff7ff1e0, 0x000001f4cff9a000, 0x000001f4d0343580, 0x000001f4d0343070
}

Java Threads: ( => current thread )
  0x000001f4ecb0df20 JavaThread "main" [_thread_blocked, id=42568, stack(0x0000000c35b00000,0x0000000c35c00000)]
  0x000001f4fec16750 JavaThread "Reference Handler" daemon [_thread_blocked, id=24196, stack(0x0000000c36200000,0x0000000c36300000)]
  0x000001f4fec17d90 JavaThread "Finalizer" daemon [_thread_blocked, id=26280, stack(0x0000000c36300000,0x0000000c36400000)]
  0x000001f4fec2c060 JavaThread "Signal Dispatcher" daemon [_thread_blocked, id=17208, stack(0x0000000c36400000,0x0000000c36500000)]
  0x000001f4fec2e940 JavaThread "Attach Listener" daemon [_thread_blocked, id=43060, stack(0x0000000c36500000,0x0000000c36600000)]
  0x000001f4fec31220 JavaThread "Service Thread" daemon [_thread_blocked, id=16216, stack(0x0000000c36600000,0x0000000c36700000)]
  0x000001f4fec31af0 JavaThread "Monitor Deflation Thread" daemon [_thread_blocked, id=18596, stack(0x0000000c36700000,0x0000000c36800000)]
  0x000001f4fec323c0 JavaThread "C1 CompilerThread0" daemon [_thread_blocked, id=42412, stack(0x0000000c36800000,0x0000000c36900000)]
  0x000001f4fec38610 JavaThread "Sweeper thread" daemon [_thread_blocked, id=32964, stack(0x0000000c36900000,0x0000000c36a00000)]
  0x000001f4febff7c0 JavaThread "Common-Cleaner" daemon [_thread_blocked, id=29392, stack(0x0000000c36a00000,0x0000000c36b00000)]
  0x000001f4fedc6370 JavaThread "Notification Thread" daemon [_thread_blocked, id=36340, stack(0x0000000c36b00000,0x0000000c36c00000)]
  0x000001f4ff78e020 JavaThread "Daemon health stats" [_thread_blocked, id=33656, stack(0x0000000c36f00000,0x0000000c37000000)]
  0x000001f4cf00a950 JavaThread "Incoming local TCP Connector on port 56632" [_thread_in_native, id=40492, stack(0x0000000c37000000,0x0000000c37100000)]
  0x000001f4cf0af830 JavaThread "Daemon periodic checks" [_thread_blocked, id=41656, stack(0x0000000c37100000,0x0000000c37200000)]
  0x000001f4fede76e0 JavaThread "Daemon" [_thread_blocked, id=34836, stack(0x0000000c37200000,0x0000000c37300000)]
  0x000001f4fede7f90 JavaThread "Handler for socket connection from /127.0.0.1:56632 to /127.0.0.1:56633" [_thread_in_native, id=31848, stack(0x0000000c37300000,0x0000000c37400000)]
  0x000001f4cf05f000 JavaThread "Cancel handler" [_thread_blocked, id=44328, stack(0x0000000c37400000,0x0000000c37500000)]
=>0x000001f4ff7fd380 JavaThread "Daemon worker" [_thread_in_vm, id=42308, stack(0x0000000c37500000,0x0000000c37600000)]
  0x000001f4ff800110 JavaThread "Asynchronous log dispatcher for DefaultDaemonConnection: socket connection from /127.0.0.1:56632 to /127.0.0.1:56633" [_thread_blocked, id=43320, stack(0x0000000c37600000,0x0000000c37700000)]
  0x000001f4ff7fe2b0 JavaThread "Stdin handler" [_thread_blocked, id=43012, stack(0x0000000c37700000,0x0000000c37800000)]
  0x000001f4ff7fd890 JavaThread "Daemon client event forwarder" [_thread_blocked, id=21836, stack(0x0000000c37800000,0x0000000c37900000)]
  0x000001f4ff7fe7c0 JavaThread "Cache worker for journal cache (C:\Users\DELL\.gradle\caches\journal-1)" [_thread_blocked, id=38004, stack(0x0000000c37900000,0x0000000c37a00000)]
  0x000001f4ff7fdda0 JavaThread "File lock request listener" [_thread_in_native, id=6880, stack(0x0000000c37a00000,0x0000000c37b00000)]
  0x000001f4ff7ffc00 JavaThread "Cache worker for file hash cache (C:\Users\DELL\.gradle\caches\9.3.1\fileHashes)" [_thread_blocked, id=14236, stack(0x0000000c37b00000,0x0000000c37c00000)]
  0x000001f4ff7ff6f0 JavaThread "File lock release action executor" [_thread_blocked, id=20996, stack(0x0000000c37c00000,0x0000000c37d00000)]
  0x000001f4ff800620 JavaThread "Cache worker for file hash cache (C:\Users\DELL\OneDrive\Desktop\indiery\apps\partner\android\.gradle\9.3.1\fileHashes)" [_thread_blocked, id=24664, stack(0x0000000c35900000,0x0000000c35a00000)]
  0x000001f4ff7fecd0 JavaThread "Cache worker for Build Output Cleanup Cache (C:\Users\DELL\OneDrive\Desktop\indiery\apps\partner\android\.gradle\buildOutputCleanup)" [_thread_blocked, id=36404, stack(0x0000000c35a00000,0x0000000c35b00000)]
  0x000001f4ff7fce70 JavaThread "Cache worker for checksums cache (C:\Users\DELL\OneDrive\Desktop\indiery\apps\partner\android\.gradle\9.3.1\checksums)" [_thread_blocked, id=36268, stack(0x0000000c35800000,0x0000000c35900000)]
  0x000001f4ff7ff1e0 JavaThread "Cache worker for file content cache (C:\Users\DELL\.gradle\caches\9.3.1\fileContent)" [_thread_blocked, id=1600, stack(0x0000000c37f00000,0x0000000c38000000)]
  0x000001f4cff9a000 JavaThread "C1 CompilerThread1" daemon [_thread_blocked, id=18228, stack(0x0000000c38000000,0x0000000c38100000)]
  0x000001f4d0343580 JavaThread "Cache worker for cache directory md-supplier (C:\Users\DELL\.gradle\caches\9.3.1\md-supplier)" [_thread_blocked, id=39704, stack(0x0000000c38100000,0x0000000c38200000)]
  0x000001f4d0343070 JavaThread "Cache worker for cache directory md-rule (C:\Users\DELL\.gradle\caches\9.3.1\md-rule)" [_thread_blocked, id=34376, stack(0x0000000c38200000,0x0000000c38300000)]

Other Threads:
  0x000001f4fec0d030 VMThread "VM Thread" [stack: 0x0000000c36100000,0x0000000c36200000] [id=7880] _threads_hazard_ptr=0x000001f4d03600f0
  0x000001f4fedc7060 WatcherThread [stack: 0x0000000c36c00000,0x0000000c36d00000] [id=37100]
  0x000001f4ecb97930 GCTaskThread "GC Thread#0" [stack: 0x0000000c35c00000,0x0000000c35d00000] [id=43556]
  0x000001f4fee2baa0 GCTaskThread "GC Thread#1" [stack: 0x0000000c36d00000,0x0000000c36e00000] [id=21084]
  0x000001f4ecba4790 ConcurrentGCThread "G1 Main Marker" [stack: 0x0000000c35d00000,0x0000000c35e00000] [id=44116]
  0x000001f4ecba50c0 ConcurrentGCThread "G1 Conc#0" [stack: 0x0000000c35e00000,0x0000000c35f00000] [id=4360]
  0x000001f4ecbbec20 ConcurrentGCThread "G1 Refine#0" [stack: 0x0000000c35f00000,0x0000000c36000000] [id=24180]
  0x000001f4ff693a60 ConcurrentGCThread "G1 Refine#1" [stack: 0x0000000c36e00000,0x0000000c36f00000] [id=28832]
  0x000001f4feac9b50 ConcurrentGCThread "G1 Service" [stack: 0x0000000c36000000,0x0000000c36100000] [id=44272]

Threads with active compile tasks:

VM state: synchronizing (normal execution)

VM Mutex/Monitor currently owned by a thread:  ([mutex/lock_event])
[0x000001f4ecb0b5a0] Metaspace_lock - owner thread: 0x000001f4ff7fd380
[0x000001f4ecb0a0d0] Threads_lock - owner thread: 0x000001f4fec0d030

Heap address: 0x0000000680000000, size: 6144 MB, Compressed Oops mode: Zero based, Oop shift amount: 3

CDS archive(s) mapped at: [0x000001f496000000-0x000001f496bb0000-0x000001f496bb0000), size 12255232, SharedBaseAddress: 0x000001f496000000, ArchiveRelocationMode: 1.
Compressed class space mapped at: 0x000001f497000000-0x000001f4cb000000, reserved size: 872415232
Narrow klass base: 0x000001f496000000, Narrow klass shift: 0, Narrow klass range: 0x100000000

GC Precious Log:
 CPUs: 12 total, 2 available
 Memory: 11624M
 Large Page Support: Disabled
 NUMA Support: Disabled
 Compressed Oops: Enabled (Zero based)
 Heap Region Size: 4M
 Heap Min Capacity: 8M
 Heap Initial Capacity: 184M
 Heap Max Capacity: 6G
 Pre-touch: Disabled
 Parallel Workers: 2
 Concurrent Workers: 1
 Concurrent Refinement Workers: 2
 Periodic GC: Disabled

Heap:
 garbage-first heap   total 180224K, used 57604K [0x0000000680000000, 0x0000000800000000)
  region size 4096K, 10 young (40960K), 1 survivors (4096K)
 Metaspace       used 26233K, committed 26624K, reserved 917504K
  class space    used 4009K, committed 4224K, reserved 851968K

Heap Regions: E=young(eden), S=young(survivor), O=old, HS=humongous(starts), HC=humongous(continues), CS=collection set, F=free, OA=open archive, CA=closed archive, TAMS=top-at-mark-start (previous, next)
|   0|0x0000000680000000, 0x0000000680400000, 0x0000000680400000|100%|HS|  |TAMS 0x0000000680400000, 0x0000000680000000| Complete 
|   1|0x0000000680400000, 0x0000000680800000, 0x0000000680800000|100%| O|  |TAMS 0x0000000680800000, 0x0000000680400000| Untracked 
|   2|0x0000000680800000, 0x0000000680c00000, 0x0000000680c00000|100%| O|  |TAMS 0x0000000680c00000, 0x0000000680800000| Untracked 
|   3|0x0000000680c00000, 0x0000000681000000, 0x0000000681000000|100%| O|  |TAMS 0x0000000681000000, 0x0000000680c00000| Untracked 
|   4|0x0000000681000000, 0x0000000681000000, 0x0000000681400000|  0%| F|  |TAMS 0x0000000681000000, 0x0000000681000000| Untracked 
|   5|0x0000000681400000, 0x0000000681800000, 0x0000000681800000|100%| O|  |TAMS 0x0000000681400000, 0x0000000681400000| Untracked 
|   6|0x0000000681800000, 0x0000000681b8dc00, 0x0000000681c00000| 88%| O|  |TAMS 0x0000000681800000, 0x0000000681800000| Untracked 
|   7|0x0000000681c00000, 0x0000000681c00000, 0x0000000682000000|  0%| F|  |TAMS 0x0000000681c00000, 0x0000000681c00000| Untracked 
|   8|0x0000000682000000, 0x0000000682000000, 0x0000000682400000|  0%| F|  |TAMS 0x0000000682000000, 0x0000000682000000| Untracked 
|   9|0x0000000682400000, 0x0000000682400000, 0x0000000682800000|  0%| F|  |TAMS 0x0000000682400000, 0x0000000682400000| Untracked 
|  10|0x0000000682800000, 0x0000000682800000, 0x0000000682c00000|  0%| F|  |TAMS 0x0000000682800000, 0x0000000682800000| Untracked 
|  11|0x0000000682c00000, 0x0000000682c00000, 0x0000000683000000|  0%| F|  |TAMS 0x0000000682c00000, 0x0000000682c00000| Untracked 
|  12|0x0000000683000000, 0x0000000683000000, 0x0000000683400000|  0%| F|  |TAMS 0x0000000683000000, 0x0000000683000000| Untracked 
|  13|0x0000000683400000, 0x0000000683400000, 0x0000000683800000|  0%| F|  |TAMS 0x0000000683400000, 0x0000000683400000| Untracked 
|  14|0x0000000683800000, 0x0000000683800000, 0x0000000683c00000|  0%| F|  |TAMS 0x0000000683800000, 0x0000000683800000| Untracked 
|  15|0x0000000683c00000, 0x0000000683c00000, 0x0000000684000000|  0%| F|  |TAMS 0x0000000683c00000, 0x0000000683c00000| Untracked 
|  16|0x0000000684000000, 0x0000000684000000, 0x0000000684400000|  0%| F|  |TAMS 0x0000000684000000, 0x0000000684000000| Untracked 
|  17|0x0000000684400000, 0x0000000684400000, 0x0000000684800000|  0%| F|  |TAMS 0x0000000684400000, 0x0000000684400000| Untracked 
|  18|0x0000000684800000, 0x0000000684800000, 0x0000000684c00000|  0%| F|  |TAMS 0x0000000684800000, 0x0000000684800000| Untracked 
|  19|0x0000000684c00000, 0x0000000684c00000, 0x0000000685000000|  0%| F|  |TAMS 0x0000000684c00000, 0x0000000684c00000| Untracked 
|  20|0x0000000685000000, 0x0000000685000000, 0x0000000685400000|  0%| F|  |TAMS 0x0000000685000000, 0x0000000685000000| Untracked 
|  21|0x0000000685400000, 0x0000000685400000, 0x0000000685800000|  0%| F|  |TAMS 0x0000000685400000, 0x0000000685400000| Untracked 
|  22|0x0000000685800000, 0x0000000685800000, 0x0000000685c00000|  0%| F|  |TAMS 0x0000000685800000, 0x0000000685800000| Untracked 
|  23|0x0000000685c00000, 0x0000000685c00000, 0x0000000686000000|  0%| F|  |TAMS 0x0000000685c00000, 0x0000000685c00000| Untracked 
|  24|0x0000000686000000, 0x0000000686000000, 0x0000000686400000|  0%| F|  |TAMS 0x0000000686000000, 0x0000000686000000| Untracked 
|  25|0x0000000686400000, 0x0000000686400000, 0x0000000686800000|  0%| F|  |TAMS 0x0000000686400000, 0x0000000686400000| Untracked 
|  26|0x0000000686800000, 0x0000000686800000, 0x0000000686c00000|  0%| F|  |TAMS 0x0000000686800000, 0x0000000686800000| Untracked 
|  27|0x0000000686c00000, 0x0000000686c00000, 0x0000000687000000|  0%| F|  |TAMS 0x0000000686c00000, 0x0000000686c00000| Untracked 
|  28|0x0000000687000000, 0x0000000687000000, 0x0000000687400000|  0%| F|  |TAMS 0x0000000687000000, 0x0000000687000000| Untracked 
|  29|0x0000000687400000, 0x0000000687400000, 0x0000000687800000|  0%| F|  |TAMS 0x0000000687400000, 0x0000000687400000| Untracked 
|  30|0x0000000687800000, 0x0000000687800000, 0x0000000687c00000|  0%| F|  |TAMS 0x0000000687800000, 0x0000000687800000| Untracked 
|  31|0x0000000687c00000, 0x0000000687c00000, 0x0000000688000000|  0%| F|  |TAMS 0x0000000687c00000, 0x0000000687c00000| Untracked 
|  32|0x0000000688000000, 0x0000000688000000, 0x0000000688400000|  0%| F|  |TAMS 0x0000000688000000, 0x0000000688000000| Untracked 
|  33|0x0000000688400000, 0x0000000688400000, 0x0000000688800000|  0%| F|  |TAMS 0x0000000688400000, 0x0000000688400000| Untracked 
|  34|0x0000000688800000, 0x00000006889cd6f8, 0x0000000688c00000| 45%| E|  |TAMS 0x0000000688800000, 0x0000000688800000| Complete 
|  35|0x0000000688c00000, 0x0000000689000000, 0x0000000689000000|100%| E|CS|TAMS 0x0000000688c00000, 0x0000000688c00000| Complete 
|  36|0x0000000689000000, 0x0000000689400000, 0x0000000689400000|100%| E|CS|TAMS 0x0000000689000000, 0x0000000689000000| Complete 
|  37|0x0000000689400000, 0x0000000689800000, 0x0000000689800000|100%| E|CS|TAMS 0x0000000689400000, 0x0000000689400000| Complete 
|  38|0x0000000689800000, 0x0000000689c00000, 0x0000000689c00000|100%| E|CS|TAMS 0x0000000689800000, 0x0000000689800000| Complete 
|  39|0x0000000689c00000, 0x000000068a000000, 0x000000068a000000|100%| E|CS|TAMS 0x0000000689c00000, 0x0000000689c00000| Complete 
|  40|0x000000068a000000, 0x000000068a400000, 0x000000068a400000|100%| E|CS|TAMS 0x000000068a000000, 0x000000068a000000| Complete 
|  43|0x000000068ac00000, 0x000000068b000000, 0x000000068b000000|100%| E|CS|TAMS 0x000000068ac00000, 0x000000068ac00000| Complete 
|  44|0x000000068b000000, 0x000000068b0b3740, 0x000000068b400000| 17%| S|CS|TAMS 0x000000068b000000, 0x000000068b000000| Complete 
|  45|0x000000068b400000, 0x000000068b800000, 0x000000068b800000|100%| E|CS|TAMS 0x000000068b400000, 0x000000068b400000| Complete 

Card table byte_map: [0x000001f4f5290000,0x000001f4f5e90000] _byte_map_base: 0x000001f4f1e90000

Marking Bits (Prev, Next): (CMBitMap*) 0x000001f4ecb97ea0, (CMBitMap*) 0x000001f4ecb97e60
 Prev Bits: [0x000001f490000000, 0x000001f496000000)
 Next Bits: [0x000001f4f6a90000, 0x000001f4fca90000)

Polling page: 0x000001f4eacd0000

Metaspace:

Usage:
  Non-class:     21.70 MB used.
      Class:      3.92 MB used.
       Both:     25.62 MB used.

Virtual space:
  Non-class space:       64.00 MB reserved,      21.88 MB ( 34%) committed,  1 nodes.
      Class space:      832.00 MB reserved,       4.12 MB ( <1%) committed,  1 nodes.
             Both:      896.00 MB reserved,      26.00 MB (  3%) committed. 

Chunk freelists:
   Non-Class:  9.92 MB
       Class:  11.84 MB
        Both:  21.77 MB

MaxMetaspaceSize: 1.00 GB
CompressedClassSpaceSize: 832.00 MB
Initial GC threshold: 21.00 MB
Current GC threshold: 36.69 MB
CDS: on
MetaspaceReclaimPolicy: balanced
 - commit_granule_bytes: 65536.
 - commit_granule_words: 8192.
 - virtual_space_node_default_size: 8388608.
 - enlarge_chunks_in_place: 1.
 - new_chunks_are_fully_committed: 0.
 - uncommit_free_chunks: 1.
 - use_allocation_guard: 0.
 - handle_deallocations: 1.


Internal statistics:

num_allocs_failed_limit: 12.
num_arena_births: 342.
num_arena_deaths: 0.
num_vsnodes_births: 2.
num_vsnodes_deaths: 0.
num_space_committed: 416.
num_space_uncommitted: 0.
num_chunks_returned_to_freelist: 12.
num_chunks_taken_from_freelist: 1392.
num_chunk_merges: 12.
num_chunk_splits: 947.
num_chunks_enlarged: 661.
num_inconsistent_stats: 0.

CodeCache: size=262144Kb used=6801Kb max_used=6801Kb free=255342Kb
 bounds [0x000001f480000000, 0x000001f4806d0000, 0x000001f490000000]
 total_blobs=3748 nmethods=3195 adapters=479
 compilation: enabled
              stopped_count=0, restarted_count=0
 full_count=0

Compilation events (20 events):
Event: 84.766 Thread 0x000001f4fec323c0 3186       1       org.gradle.internal.reflect.ClassInspector::inspectClass (179 bytes)
Event: 84.766 Thread 0x000001f4cff9a000 3187       1       org.gradle.internal.instantiation.generator.AbstractClassGenerator$PropertyMetadata::access$600 (5 bytes)
Event: 84.766 Thread 0x000001f4cff9a000 nmethod 3187 0x000001f480585610 code [0x000001f4805857a0, 0x000001f480585858]
Event: 84.766 Thread 0x000001f4cff9a000 3188       1       org.gradle.internal.instantiation.generator.AsmBackedClassGenerator$ClassBuilderImpl$LocalMethodVisitorScope::<init> (11 bytes)
Event: 84.767 Thread 0x000001f4cff9a000 nmethod 3188 0x000001f480585290 code [0x000001f480585440, 0x000001f480585568]
Event: 84.767 Thread 0x000001f4cff9a000 3189       1       org.objectweb.asm.MethodVisitor::visitTypeInsn (17 bytes)
Event: 84.767 Thread 0x000001f4cff9a000 nmethod 3189 0x000001f480584f90 code [0x000001f480585140, 0x000001f480585228]
Event: 84.767 Thread 0x000001f4cff9a000 3190       1       org.objectweb.asm.MethodWriter::visitTypeInsn (116 bytes)
Event: 84.767 Thread 0x000001f4fec323c0 nmethod 3186 0x000001f480584090 code [0x000001f480584340, 0x000001f480584918]
Event: 84.767 Thread 0x000001f4cff9a000 nmethod 3190 0x000001f480583a90 code [0x000001f480583c60, 0x000001f480583e88]
Event: 84.767 Thread 0x000001f4cff9a000 3191       1       java.lang.Class::getEnclosingMethodInfo (20 bytes)
Event: 84.767 Thread 0x000001f4cff9a000 nmethod 3191 0x000001f480583690 code [0x000001f480583840, 0x000001f4805839d8]
Event: 84.809 Thread 0x000001f4cff9a000 3192       1       sun.invoke.util.VerifyAccess::isModuleAccessible (97 bytes)
Event: 84.810 Thread 0x000001f4cff9a000 nmethod 3192 0x000001f480582c10 code [0x000001f480582e40, 0x000001f4805833c8]
Event: 84.822 Thread 0x000001f4cff9a000 3193       1       org.gradle.model.internal.asm.MethodVisitorScope::_RETURN (8 bytes)
Event: 84.822 Thread 0x000001f4fec323c0 3194       1       org.gradle.model.internal.asm.MethodVisitorScope::_INVOKEINTERFACE (11 bytes)
Event: 84.822 Thread 0x000001f4cff9a000 nmethod 3193 0x000001f480582890 code [0x000001f480582a40, 0x000001f480582b48]
Event: 84.822 Thread 0x000001f4cff9a000 3195       1       org.gradle.model.internal.asm.MethodVisitorScope::_INVOKEINTERFACE (12 bytes)
Event: 84.822 Thread 0x000001f4cff9a000 nmethod 3195 0x000001f480582590 code [0x000001f480582720, 0x000001f480582828]
Event: 84.822 Thread 0x000001f4fec323c0 nmethod 3194 0x000001f480582190 code [0x000001f480582340, 0x000001f480582498]

GC Heap History (18 events):
Event: 1.187 GC heap before
{Heap before GC invocations=0 (full 0):
 garbage-first heap   total 188416K, used 8192K [0x0000000680000000, 0x0000000800000000)
  region size 4096K, 2 young (8192K), 0 survivors (0K)
 Metaspace       used 524K, committed 640K, reserved 917504K
  class space    used 60K, committed 128K, reserved 851968K
}
Event: 1.191 GC heap after
{Heap after GC invocations=1 (full 0):
 garbage-first heap   total 188416K, used 1058K [0x0000000680000000, 0x0000000800000000)
  region size 4096K, 1 young (4096K), 1 survivors (4096K)
 Metaspace       used 524K, committed 640K, reserved 917504K
  class space    used 60K, committed 128K, reserved 851968K
}
Event: 1.355 GC heap before
{Heap before GC invocations=1 (full 0):
 garbage-first heap   total 188416K, used 5154K [0x0000000680000000, 0x0000000800000000)
  region size 4096K, 2 young (8192K), 1 survivors (4096K)
 Metaspace       used 524K, committed 640K, reserved 917504K
  class space    used 60K, committed 128K, reserved 851968K
}
Event: 1.357 GC heap after
{Heap after GC invocations=2 (full 0):
 garbage-first heap   total 188416K, used 1244K [0x0000000680000000, 0x0000000800000000)
  region size 4096K, 1 young (4096K), 1 survivors (4096K)
 Metaspace       used 524K, committed 640K, reserved 917504K
  class space    used 60K, committed 128K, reserved 851968K
}
Event: 3.439 GC heap before
{Heap before GC invocations=2 (full 0):
 garbage-first heap   total 188416K, used 21724K [0x0000000680000000, 0x0000000800000000)
  region size 4096K, 6 young (24576K), 1 survivors (4096K)
 Metaspace       used 1219K, committed 1344K, reserved 917504K
  class space    used 153K, committed 256K, reserved 851968K
}
Event: 3.593 GC heap after
{Heap after GC invocations=3 (full 0):
 garbage-first heap   total 188416K, used 10282K [0x0000000680000000, 0x0000000800000000)
  region size 4096K, 1 young (4096K), 1 survivors (4096K)
 Metaspace       used 1219K, committed 1344K, reserved 917504K
  class space    used 153K, committed 256K, reserved 851968K
}
Event: 23.189 GC heap before
{Heap before GC invocations=3 (full 0):
 garbage-first heap   total 188416K, used 116778K [0x0000000680000000, 0x0000000800000000)
  region size 4096K, 27 young (110592K), 1 survivors (4096K)
 Metaspace       used 8617K, committed 8832K, reserved 917504K
  class space    used 1299K, committed 1408K, reserved 851968K
}
Event: 23.254 GC heap after
{Heap after GC invocations=4 (full 0):
 garbage-first heap   total 188416K, used 19310K [0x0000000680000000, 0x0000000800000000)
  region size 4096K, 4 young (16384K), 4 survivors (16384K)
 Metaspace       used 8617K, committed 8832K, reserved 917504K
  class space    used 1299K, committed 1408K, reserved 851968K
}
Event: 28.896 GC heap before
{Heap before GC invocations=4 (full 0):
 garbage-first heap   total 188416K, used 52078K [0x0000000680000000, 0x0000000800000000)
  region size 4096K, 12 young (49152K), 4 survivors (16384K)
 Metaspace       used 12882K, committed 13184K, reserved 917504K
  class space    used 1974K, committed 2112K, reserved 851968K
}
Event: 29.051 GC heap after
{Heap after GC invocations=5 (full 0):
 garbage-first heap   total 188416K, used 21796K [0x0000000680000000, 0x0000000800000000)
  region size 4096K, 1 young (4096K), 1 survivors (4096K)
 Metaspace       used 12882K, committed 13184K, reserved 917504K
  class space    used 1974K, committed 2112K, reserved 851968K
}
Event: 71.010 GC heap before
{Heap before GC invocations=5 (full 0):
 garbage-first heap   total 188416K, used 54564K [0x0000000680000000, 0x0000000800000000)
  region size 4096K, 9 young (36864K), 1 survivors (4096K)
 Metaspace       used 16308K, committed 16576K, reserved 917504K
  class space    used 2379K, committed 2496K, reserved 851968K
}
Event: 71.050 GC heap after
{Heap after GC invocations=6 (full 0):
 garbage-first heap   total 188416K, used 22045K [0x0000000680000000, 0x0000000800000000)
  region size 4096K, 1 young (4096K), 1 survivors (4096K)
 Metaspace       used 16308K, committed 16576K, reserved 917504K
  class space    used 2379K, committed 2496K, reserved 851968K
}
Event: 80.137 GC heap before
{Heap before GC invocations=6 (full 0):
 garbage-first heap   total 188416K, used 71197K [0x0000000680000000, 0x0000000800000000)
  region size 4096K, 14 young (57344K), 1 survivors (4096K)
 Metaspace       used 21222K, committed 21504K, reserved 917504K
  class space    used 3169K, committed 3328K, reserved 851968K
}
Event: 80.343 GC heap after
{Heap after GC invocations=7 (full 0):
 garbage-first heap   total 188416K, used 24083K [0x0000000680000000, 0x0000000800000000)
  region size 4096K, 2 young (8192K), 2 survivors (8192K)
 Metaspace       used 21222K, committed 21504K, reserved 917504K
  class space    used 3169K, committed 3328K, reserved 851968K
}
Event: 82.575 GC heap before
{Heap before GC invocations=8 (full 0):
 garbage-first heap   total 139264K, used 40467K [0x0000000680000000, 0x0000000800000000)
  region size 4096K, 6 young (24576K), 2 survivors (8192K)
 Metaspace       used 22964K, committed 23296K, reserved 917504K
  class space    used 3469K, committed 3584K, reserved 851968K
}
Event: 82.599 GC heap after
{Heap after GC invocations=9 (full 0):
 garbage-first heap   total 139264K, used 24672K [0x0000000680000000, 0x0000000800000000)
  region size 4096K, 1 young (4096K), 1 survivors (4096K)
 Metaspace       used 22964K, committed 23296K, reserved 917504K
  class space    used 3469K, committed 3584K, reserved 851968K
}
Event: 82.773 GC heap before
{Heap before GC invocations=9 (full 0):
 garbage-first heap   total 139264K, used 28768K [0x0000000680000000, 0x0000000800000000)
  region size 4096K, 2 young (8192K), 1 survivors (4096K)
 Metaspace       used 23323K, committed 23680K, reserved 917504K
  class space    used 3512K, committed 3648K, reserved 851968K
}
Event: 82.813 GC heap after
{Heap after GC invocations=10 (full 0):
 garbage-first heap   total 180224K, used 24836K [0x0000000680000000, 0x0000000800000000)
  region size 4096K, 1 young (4096K), 1 survivors (4096K)
 Metaspace       used 23323K, committed 23680K, reserved 917504K
  class space    used 3512K, committed 3648K, reserved 851968K
}

Dll operation events (15 events):
Event: 0.240 Loaded shared library C:\Users\DELL\.gradle\jdks\eclipse_adoptium-17-amd64-windows.2\bin\java.dll
Event: 0.333 Loaded shared library C:\Users\DELL\.gradle\jdks\eclipse_adoptium-17-amd64-windows.2\bin\jsvml.dll
Event: 0.527 Loaded shared library C:\Users\DELL\.gradle\jdks\eclipse_adoptium-17-amd64-windows.2\bin\zip.dll
Event: 0.533 Loaded shared library C:\Users\DELL\.gradle\jdks\eclipse_adoptium-17-amd64-windows.2\bin\instrument.dll
Event: 0.569 Loaded shared library C:\Users\DELL\.gradle\jdks\eclipse_adoptium-17-amd64-windows.2\bin\net.dll
Event: 0.577 Loaded shared library C:\Users\DELL\.gradle\jdks\eclipse_adoptium-17-amd64-windows.2\bin\nio.dll
Event: 0.583 Loaded shared library C:\Users\DELL\.gradle\jdks\eclipse_adoptium-17-amd64-windows.2\bin\zip.dll
Event: 1.763 Loaded shared library C:\Users\DELL\.gradle\jdks\eclipse_adoptium-17-amd64-windows.2\bin\jimage.dll
Event: 3.842 Loaded shared library C:\Users\DELL\.gradle\jdks\eclipse_adoptium-17-amd64-windows.2\bin\verify.dll
Event: 4.898 Loaded shared library C:\Users\DELL\.gradle\native\660c5614fbf4a5f2a75b1949f50a0caf5cd603558e7d8a26e50b933a0cfb79d1\windows-amd64\native-platform.dll
Event: 5.165 Loaded shared library C:\Users\DELL\.gradle\native\0.2.8\x86_64-windows-gnu\gradle-fileevents.dll
Event: 16.167 Loaded shared library C:\Users\DELL\.gradle\jdks\eclipse_adoptium-17-amd64-windows.2\bin\management.dll
Event: 16.391 Loaded shared library C:\Users\DELL\.gradle\jdks\eclipse_adoptium-17-amd64-windows.2\bin\management_ext.dll
Event: 20.091 Loaded shared library C:\Users\DELL\.gradle\jdks\eclipse_adoptium-17-amd64-windows.2\bin\extnet.dll
Event: 23.127 Loaded shared library C:\Users\DELL\.gradle\jdks\eclipse_adoptium-17-amd64-windows.2\bin\sunmscapi.dll

Deoptimization events (2 events):
Event: 29.074 Thread 0x000001f4ff7fd890 DEOPT PACKING pc=0x000001f480486e2c sp=0x0000000c378ff430
Event: 29.075 Thread 0x000001f4ff7fd890 DEOPT UNPACKING pc=0x000001f480057143 sp=0x0000000c378fe998 mode 0

Classes loaded (20 events):
Event: 80.924 Loading class java/util/stream/SliceOps$1
Event: 80.925 Loading class java/util/stream/SliceOps$1 done
Event: 80.928 Loading class java/util/stream/SliceOps$1$1
Event: 80.928 Loading class java/util/stream/SliceOps$1$1 done
Event: 81.240 Loading class java/util/concurrent/TimeoutException
Event: 81.240 Loading class java/util/concurrent/TimeoutException done
Event: 81.241 Loading class java/util/concurrent/CancellationException
Event: 81.241 Loading class java/util/concurrent/CancellationException done
Event: 83.474 Loading class java/lang/invoke/SerializedLambda
Event: 83.474 Loading class java/lang/invoke/SerializedLambda done
Event: 83.554 Loading class java/lang/reflect/AnnotatedType
Event: 83.554 Loading class java/lang/reflect/AnnotatedType done
Event: 83.596 Loading class sun/reflect/generics/tree/IntSignature
Event: 83.596 Loading class sun/reflect/generics/tree/IntSignature done
Event: 83.596 Loading class sun/reflect/generics/tree/ArrayTypeSignature
Event: 83.596 Loading class sun/reflect/generics/tree/ArrayTypeSignature done
Event: 83.662 Loading class java/lang/SafeVarargs
Event: 83.663 Loading class java/lang/SafeVarargs done
Event: 83.883 Loading class jdk/internal/reflect/UnsafeStaticIntegerFieldAccessorImpl
Event: 83.883 Loading class jdk/internal/reflect/UnsafeStaticIntegerFieldAccessorImpl done

Classes unloaded (0 events):
No events

Classes redefined (0 events):
No events

Internal exceptions (20 events):
Event: 79.806 Thread 0x000001f4ff7fd380 Exception <a 'java/lang/NoSuchMethodError'{0x0000000688599870}: 'java.lang.Object java.lang.invoke.DirectMethodHandle$Holder.invokeStatic(java.lang.Object, java.lang.Object, java.lang.Object, java.lang.Object, java.lang.Object, java.lang.Object, java.lang.Object, java.lang.Object, java.lang.Object, java.lang.Object, java.lang.Object, java.lang.Object, java.lang.Object, java.lang.Object, java.lang.Object, java.lang.Object, java.lang.Object, java.lang.Object, java.lang.Object, java.lang.Object, java.lang.Obj
Event: 79.816 Thread 0x000001f4ff7fd380 Exception <a 'java/lang/NoSuchMethodError'{0x00000006885c6d80}: 'java.lang.Object java.lang.invoke.DirectMethodHandle$Holder.invokeStatic(java.lang.Object, java.lang.Object, java.lang.Object, java.lang.Object, java.lang.Object, java.lang.Object, java.lang.Object, java.lang.Object, java.lang.Object, java.lang.Object, java.lang.Object, java.lang.Object, java.lang.Object, java.lang.Object, java.lang.Object, java.lang.Object, java.lang.Object, java.lang.Object, java.lang.Object, java.lang.Object, java.lang.Obj
Event: 79.825 Thread 0x000001f4ff7fd380 Exception <a 'java/lang/NoSuchMethodError'{0x00000006885f5300}: 'java.lang.Object java.lang.invoke.DirectMethodHandle$Holder.invokeStatic(java.lang.Object, java.lang.Object, java.lang.Object, java.lang.Object, java.lang.Object, java.lang.Object, java.lang.Object, java.lang.Object, java.lang.Object, java.lang.Object, java.lang.Object, java.lang.Object, java.lang.Object, java.lang.Object, java.lang.Object, java.lang.Object, java.lang.Object, java.lang.Object, java.lang.Object, java.lang.Object, java.lang.Obj
Event: 79.846 Thread 0x000001f4ff7fd380 Exception <a 'java/lang/NoSuchMethodError'{0x0000000688624368}: 'java.lang.Object java.lang.invoke.DirectMethodHandle$Holder.invokeStatic(java.lang.Object, java.lang.Object, java.lang.Object, java.lang.Object, java.lang.Object, java.lang.Object, java.lang.Object, java.lang.Object, java.lang.Object, java.lang.Object, java.lang.Object, java.lang.Object, java.lang.Object, java.lang.Object, java.lang.Object, java.lang.Object, java.lang.Object, java.lang.Object, java.lang.Object, java.lang.Object, java.lang.Obj
Event: 79.875 Thread 0x000001f4ff7fd380 Exception <a 'java/lang/NoSuchMethodError'{0x0000000688654fc8}: 'java.lang.Object java.lang.invoke.DirectMethodHandle$Holder.invokeStatic(java.lang.Object, java.lang.Object, java.lang.Object, java.lang.Object, java.lang.Object, java.lang.Object, java.lang.Object, java.lang.Object, java.lang.Object, java.lang.Object, java.lang.Object, java.lang.Object, java.lang.Object, java.lang.Object, java.lang.Object, java.lang.Object, java.lang.Object, java.lang.Object, java.lang.Object, java.lang.Object, java.lang.Obj
Event: 79.939 Thread 0x000001f4ff7fd380 Exception <a 'java/lang/NoSuchMethodError'{0x0000000688686a08}: 'java.lang.Object java.lang.invoke.DirectMethodHandle$Holder.invokeStatic(java.lang.Object, java.lang.Object, java.lang.Object, java.lang.Object, java.lang.Object, java.lang.Object, java.lang.Object, java.lang.Object, java.lang.Object, java.lang.Object, java.lang.Object, java.lang.Object, java.lang.Object, java.lang.Object, java.lang.Object, java.lang.Object, java.lang.Object, java.lang.Object, java.lang.Object, java.lang.Object, java.lang.Obj
Event: 80.359 Thread 0x000001f4ff7fd380 Exception <a 'java/lang/NoSuchMethodError'{0x000000068b45f788}: 'java.lang.Object java.lang.invoke.DirectMethodHandle$Holder.invokeStaticInit(java.lang.Object, java.lang.Object, java.lang.Object, java.lang.Object)'> (0x000000068b45f788) 
thrown [s\src\hotspot\share\interpreter\linkResolver.cpp, line 759]
Event: 80.649 Thread 0x000001f4ff7fd380 Exception <a 'java/lang/IncompatibleClassChangeError'{0x000000068b6ff0c8}: Found class java.lang.Object, but interface was expected> (0x000000068b6ff0c8) 
thrown [s\src\hotspot\share\interpreter\linkResolver.cpp, line 826]
Event: 80.768 Thread 0x000001f4ff7fd380 Exception <a 'java/lang/NoSuchMethodError'{0x000000068b0edba8}: 'void java.lang.invoke.DirectMethodHandle$Holder.invokeStaticInit(java.lang.Object, java.lang.Object)'> (0x000000068b0edba8) 
thrown [s\src\hotspot\share\interpreter\linkResolver.cpp, line 759]
Event: 82.924 Thread 0x000001f4ff7fd380 Exception <a 'java/lang/NoSuchMethodError'{0x000000068b6a9d30}: 'java.lang.Object java.lang.invoke.DirectMethodHandle$Holder.invokeStaticInit(java.lang.Object, java.lang.Object, java.lang.Object)'> (0x000000068b6a9d30) 
thrown [s\src\hotspot\share\interpreter\linkResolver.cpp, line 759]
Event: 83.334 Thread 0x000001f4ff7fd380 Exception <a 'java/lang/NoSuchMethodError'{0x000000068ad340d0}: 'java.lang.Object java.lang.invoke.DirectMethodHandle$Holder.invokeSpecialIFC(java.lang.Object, java.lang.Object, java.lang.Object, java.lang.Object)'> (0x000000068ad340d0) 
thrown [s\src\hotspot\share\interpreter\linkResolver.cpp, line 759]
Event: 83.340 Thread 0x000001f4ff7fd380 Exception <a 'java/lang/NoSuchMethodError'{0x000000068ad8c498}: 'java.lang.Object java.lang.invoke.DirectMethodHandle$Holder.newInvokeSpecial(java.lang.Object, java.lang.Object, java.lang.Object, java.lang.Object, java.lang.Object, java.lang.Object, java.lang.Object, java.lang.Object, java.lang.Object, java.lang.Object)'> (0x000000068ad8c498) 
thrown [s\src\hotspot\share\interpreter\linkResolver.cpp, line 759]
Event: 83.341 Thread 0x000001f4ff7fd380 Exception <a 'java/lang/NoSuchMethodError'{0x000000068ad91380}: 'java.lang.Object java.lang.invoke.Invokers$Holder.linkToTargetMethod(java.lang.Object, java.lang.Object, java.lang.Object, java.lang.Object, java.lang.Object, java.lang.Object, java.lang.Object, java.lang.Object, java.lang.Object, java.lang.Object)'> (0x000000068ad91380) 
thrown [s\src\hotspot\share\interpreter\linkResolver.cpp, line 759]
Event: 83.849 Thread 0x000001f4ff7fd380 Exception <a 'java/lang/NoSuchMethodError'{0x0000000689ac5788}: 'java.lang.Object java.lang.invoke.DirectMethodHandle$Holder.newInvokeSpecial(java.lang.Object, java.lang.Object, int, int)'> (0x0000000689ac5788) 
thrown [s\src\hotspot\share\interpreter\linkResolver.cpp, line 759]
Event: 84.083 Thread 0x000001f4ff7fd380 Exception <a 'java/lang/NoSuchMethodError'{0x00000006897a7cd0}: 'java.lang.Object java.lang.invoke.DirectMethodHandle$Holder.newInvokeSpecial(java.lang.Object, java.lang.Object, java.lang.Object, java.lang.Object, java.lang.Object, java.lang.Object, java.lang.Object, java.lang.Object, java.lang.Object, java.lang.Object, java.lang.Object)'> (0x00000006897a7cd0) 
thrown [s\src\hotspot\share\interpreter\linkResolver.cpp, line 759]
Event: 84.083 Thread 0x000001f4ff7fd380 Exception <a 'java/lang/NoSuchMethodError'{0x00000006897ad808}: 'java.lang.Object java.lang.invoke.DirectMethodHandle$Holder.invokeSpecial(java.lang.Object, java.lang.Object, java.lang.Object, java.lang.Object, java.lang.Object, java.lang.Object, java.lang.Object, java.lang.Object, java.lang.Object, java.lang.Object, java.lang.Object, java.lang.Object)'> (0x00000006897ad808) 
thrown [s\src\hotspot\share\interpreter\linkResolver.cpp, line 759]
Event: 84.083 Thread 0x000001f4ff7fd380 Exception <a 'java/lang/NoSuchMethodError'{0x00000006897b2ea0}: 'java.lang.Object java.lang.invoke.Invokers$Holder.linkToTargetMethod(java.lang.Object, java.lang.Object, java.lang.Object, java.lang.Object, java.lang.Object, java.lang.Object, java.lang.Object, java.lang.Object, java.lang.Object, java.lang.Object, java.lang.Object)'> (0x00000006897b2ea0) 
thrown [s\src\hotspot\share\interpreter\linkResolver.cpp, line 759]
Event: 84.160 Thread 0x000001f4ff7fd380 Exception <a 'java/lang/NoSuchMethodError'{0x0000000689033e58}: 'java.lang.Object java.lang.invoke.DirectMethodHandle$Holder.newInvokeSpecial(java.lang.Object, java.lang.Object, java.lang.Object, java.lang.Object, java.lang.Object, java.lang.Object, java.lang.Object, java.lang.Object, java.lang.Object, java.lang.Object, java.lang.Object, java.lang.Object)'> (0x0000000689033e58) 
thrown [s\src\hotspot\share\interpreter\linkResolver.cpp, line 759]
Event: 84.160 Thread 0x000001f4ff7fd380 Exception <a 'java/lang/NoSuchMethodError'{0x0000000689039b78}: 'java.lang.Object java.lang.invoke.DirectMethodHandle$Holder.invokeSpecial(java.lang.Object, java.lang.Object, java.lang.Object, java.lang.Object, java.lang.Object, java.lang.Object, java.lang.Object, java.lang.Object, java.lang.Object, java.lang.Object, java.lang.Object, java.lang.Object, java.lang.Object)'> (0x0000000689039b78) 
thrown [s\src\hotspot\share\interpreter\linkResolver.cpp, line 759]
Event: 84.160 Thread 0x000001f4ff7fd380 Exception <a 'java/lang/NoSuchMethodError'{0x000000068903f398}: 'java.lang.Object java.lang.invoke.Invokers$Holder.linkToTargetMethod(java.lang.Object, java.lang.Object, java.lang.Object, java.lang.Object, java.lang.Object, java.lang.Object, java.lang.Object, java.lang.Object, java.lang.Object, java.lang.Object, java.lang.Object, java.lang.Object)'> (0x000000068903f398) 
thrown [s\src\hotspot\share\interpreter\linkResolver.cpp, line 759]

VM Operations (20 events):
Event: 80.925 Executing VM operation: HandshakeAllThreads
Event: 80.925 Executing VM operation: HandshakeAllThreads done
Event: 80.929 Executing VM operation: CollectForMetadataAllocation
Event: 80.961 Executing VM operation: CollectForMetadataAllocation done
Event: 80.976 Executing VM operation: G1PauseRemark
Event: 81.197 Executing VM operation: G1PauseRemark done
Event: 81.209 Executing VM operation: G1PauseCleanup
Event: 81.209 Executing VM operation: G1PauseCleanup done
Event: 82.212 Executing VM operation: Cleanup
Event: 82.242 Executing VM operation: Cleanup done
Event: 82.575 Executing VM operation: G1CollectForAllocation
Event: 82.599 Executing VM operation: G1CollectForAllocation done
Event: 82.773 Executing VM operation: G1CollectForAllocation
Event: 82.813 Executing VM operation: G1CollectForAllocation done
Event: 82.951 Executing VM operation: HandshakeAllThreads
Event: 82.952 Executing VM operation: HandshakeAllThreads done
Event: 83.562 Executing VM operation: HandshakeAllThreads
Event: 83.590 Executing VM operation: HandshakeAllThreads done
Event: 84.599 Executing VM operation: Cleanup
Event: 84.599 Executing VM operation: Cleanup done

Memory protections (0 events):
No events

Nmethod flushes (0 events):
No events

Events (20 events):
Event: 23.490 Thread 0x000001f4cf00a950 Thread added: 0x000001f4fede76e0
Event: 23.512 Thread 0x000001f4fede76e0 Thread added: 0x000001f4fede7f90
Event: 23.732 Thread 0x000001f4fede76e0 Thread added: 0x000001f4cf05f000
Event: 23.797 Thread 0x000001f4fede76e0 Thread added: 0x000001f4ff7fd380
Event: 23.924 Thread 0x000001f4ff7fd380 Thread added: 0x000001f4ff800110
Event: 23.938 Thread 0x000001f4ff7fd380 Thread added: 0x000001f4ff7fe2b0
Event: 24.124 Thread 0x000001f4ff7fd380 Thread added: 0x000001f4ff7fd890
Event: 29.069 Thread 0x000001f4ff7fd380 Thread added: 0x000001f4ff7fe7c0
Event: 29.175 Thread 0x000001f4ff7fd380 Thread added: 0x000001f4ff7fdda0
Event: 30.025 Thread 0x000001f4ff7fd380 Thread added: 0x000001f4ff7ffc00
Event: 31.561 Thread 0x000001f4ff7fdda0 Thread added: 0x000001f4ff7ff6f0
Event: 78.433 Thread 0x000001f4fec323c0 Thread added: 0x000001f4cfe7bb10
Event: 79.058 Thread 0x000001f4ff7fd380 Thread added: 0x000001f4ff800620
Event: 79.256 Thread 0x000001f4ff7fd380 Thread added: 0x000001f4ff7fecd0
Event: 82.766 Thread 0x000001f4cfe7bb10 Thread exited: 0x000001f4cfe7bb10
Event: 83.221 Thread 0x000001f4ff7fd380 Thread added: 0x000001f4ff7fce70
Event: 83.413 Thread 0x000001f4ff7fd380 Thread added: 0x000001f4ff7ff1e0
Event: 83.710 Thread 0x000001f4fec323c0 Thread added: 0x000001f4cff9a000
Event: 84.184 Thread 0x000001f4ff7fd380 Thread added: 0x000001f4d0343580
Event: 84.620 Thread 0x000001f4ff7fd380 Thread added: 0x000001f4d0343070


Dynamic libraries:
0x00007ff6f2cb0000 - 0x00007ff6f2cbe000 	C:\Users\DELL\.gradle\jdks\eclipse_adoptium-17-amd64-windows.2\bin\java.exe
0x00007ffdfc460000 - 0x00007ffdfc6c7000 	C:\WINDOWS\SYSTEM32\ntdll.dll
0x00007ffdfaf70000 - 0x00007ffdfb03b000 	C:\WINDOWS\System32\KERNEL32.DLL
0x00007ffdf9a90000 - 0x00007ffdf9e91000 	C:\WINDOWS\System32\KERNELBASE.dll
0x00007ffdf9f60000 - 0x00007ffdfa0ac000 	C:\WINDOWS\System32\ucrtbase.dll
0x00007ffde9810000 - 0x00007ffde982e000 	C:\Users\DELL\.gradle\jdks\eclipse_adoptium-17-amd64-windows.2\bin\VCRUNTIME140.dll
0x00007ffde9a30000 - 0x00007ffde9a48000 	C:\Users\DELL\.gradle\jdks\eclipse_adoptium-17-amd64-windows.2\bin\jli.dll
0x00007ffdfb080000 - 0x00007ffdfb257000 	C:\WINDOWS\System32\USER32.dll
0x00007ffdf9930000 - 0x00007ffdf9957000 	C:\WINDOWS\System32\win32u.dll
0x00007ffde7e00000 - 0x00007ffde8090000 	C:\WINDOWS\WinSxS\amd64_microsoft.windows.common-controls_6595b64144ccf1df_6.0.26100.9549_none_3e0a0396e3330090\COMCTL32.dll
0x00007ffdfb990000 - 0x00007ffdfba39000 	C:\WINDOWS\System32\msvcrt.dll
0x00007ffdfb8d0000 - 0x00007ffdfb8fb000 	C:\WINDOWS\System32\GDI32.dll
0x00007ffdf9960000 - 0x00007ffdf9a88000 	C:\WINDOWS\System32\gdi32full.dll
0x00007ffdf9880000 - 0x00007ffdf9923000 	C:\WINDOWS\System32\msvcp_win.dll
0x00007ffdfb040000 - 0x00007ffdfb071000 	C:\WINDOWS\System32\IMM32.DLL
0x00007ffde9ec0000 - 0x00007ffde9ecc000 	C:\Users\DELL\.gradle\jdks\eclipse_adoptium-17-amd64-windows.2\bin\vcruntime140_1.dll
0x00007ffddd020000 - 0x00007ffddd0ad000 	C:\Users\DELL\.gradle\jdks\eclipse_adoptium-17-amd64-windows.2\bin\msvcp140.dll
0x00007ffd55fa0000 - 0x00007ffd56c0c000 	C:\Users\DELL\.gradle\jdks\eclipse_adoptium-17-amd64-windows.2\bin\server\jvm.dll
0x00007ffdfa400000 - 0x00007ffdfa4bb000 	C:\WINDOWS\System32\ADVAPI32.dll
0x00007ffdfa180000 - 0x00007ffdfa228000 	C:\WINDOWS\System32\sechost.dll
0x00007ffdfa2e0000 - 0x00007ffdfa3f8000 	C:\WINDOWS\System32\RPCRT4.dll
0x00007ffdfae40000 - 0x00007ffdfaec1000 	C:\WINDOWS\System32\WS2_32.dll
0x00007ffdf94b0000 - 0x00007ffdf950e000 	C:\WINDOWS\SYSTEM32\POWRPROF.dll
0x00007ffdf1130000 - 0x00007ffdf1167000 	C:\WINDOWS\SYSTEM32\WINMM.dll
0x00007ffdf1170000 - 0x00007ffdf117b000 	C:\WINDOWS\SYSTEM32\VERSION.dll
0x00007ffdf9490000 - 0x00007ffdf94a5000 	C:\WINDOWS\SYSTEM32\UMPDC.dll
0x00007ffdf82c0000 - 0x00007ffdf82db000 	C:\WINDOWS\SYSTEM32\kernel.appcore.dll
0x00007ffde9d10000 - 0x00007ffde9d1a000 	C:\Users\DELL\.gradle\jdks\eclipse_adoptium-17-amd64-windows.2\bin\jimage.dll
0x00007ffdf0560000 - 0x00007ffdf07ac000 	C:\WINDOWS\SYSTEM32\DBGHELP.DLL
0x00007ffdfb2c0000 - 0x00007ffdfb64a000 	C:\WINDOWS\System32\combase.dll
0x00007ffdfaa60000 - 0x00007ffdfab39000 	C:\WINDOWS\System32\OLEAUT32.dll
0x00007ffde8600000 - 0x00007ffde863b000 	C:\WINDOWS\SYSTEM32\dbgcore.DLL
0x00007ffdfa0c0000 - 0x00007ffdfa16c000 	C:\WINDOWS\System32\bcryptPrimitives.dll
0x00007ffde9b40000 - 0x00007ffde9b4e000 	C:\Users\DELL\.gradle\jdks\eclipse_adoptium-17-amd64-windows.2\bin\instrument.dll
0x00007ffde4960000 - 0x00007ffde4985000 	C:\Users\DELL\.gradle\jdks\eclipse_adoptium-17-amd64-windows.2\bin\java.dll
0x00007ffdb2350000 - 0x00007ffdb2427000 	C:\Users\DELL\.gradle\jdks\eclipse_adoptium-17-amd64-windows.2\bin\jsvml.dll
0x00007ffdfbad0000 - 0x00007ffdfc26c000 	C:\WINDOWS\System32\SHELL32.dll
0x00007ffdf7060000 - 0x00007ffdf790d000 	C:\WINDOWS\SYSTEM32\windows.storage.dll
0x00007ffdfa950000 - 0x00007ffdfaa49000 	C:\WINDOWS\System32\SHCORE.dll
0x00007ffdfa230000 - 0x00007ffdfa296000 	C:\WINDOWS\System32\shlwapi.dll
0x00007ffdf9570000 - 0x00007ffdf9599000 	C:\WINDOWS\SYSTEM32\profapi.dll
0x00007ffde4940000 - 0x00007ffde4958000 	C:\Users\DELL\.gradle\jdks\eclipse_adoptium-17-amd64-windows.2\bin\zip.dll
0x00007ffde4920000 - 0x00007ffde493a000 	C:\Users\DELL\.gradle\jdks\eclipse_adoptium-17-amd64-windows.2\bin\net.dll
0x00007ffdf2f60000 - 0x00007ffdf308a000 	C:\WINDOWS\SYSTEM32\WINHTTP.dll
0x00007ffdf8860000 - 0x00007ffdf88cc000 	C:\WINDOWS\system32\mswsock.dll
0x00007ffde3e10000 - 0x00007ffde3e26000 	C:\Users\DELL\.gradle\jdks\eclipse_adoptium-17-amd64-windows.2\bin\nio.dll
0x00007ffde7760000 - 0x00007ffde7770000 	C:\Users\DELL\.gradle\jdks\eclipse_adoptium-17-amd64-windows.2\bin\verify.dll
0x00007ffde7cf0000 - 0x00007ffde7d17000 	C:\Users\DELL\.gradle\native\660c5614fbf4a5f2a75b1949f50a0caf5cd603558e7d8a26e50b933a0cfb79d1\windows-amd64\native-platform.dll
0x00007ffddcaf0000 - 0x00007ffddcb67000 	C:\Users\DELL\.gradle\native\0.2.8\x86_64-windows-gnu\gradle-fileevents.dll
0x00007ffdde910000 - 0x00007ffdde91a000 	C:\Users\DELL\.gradle\jdks\eclipse_adoptium-17-amd64-windows.2\bin\management.dll
0x00007ffddd400000 - 0x00007ffddd40c000 	C:\Users\DELL\.gradle\jdks\eclipse_adoptium-17-amd64-windows.2\bin\management_ext.dll
0x00007ffdfaa50000 - 0x00007ffdfaa58000 	C:\WINDOWS\System32\PSAPI.DLL
0x00007ffdf7c70000 - 0x00007ffdf7ca3000 	C:\WINDOWS\SYSTEM32\IPHLPAPI.DLL
0x00007ffdfaf60000 - 0x00007ffdfaf6a000 	C:\WINDOWS\System32\NSI.dll
0x00007ffdf3bd0000 - 0x00007ffdf3bee000 	C:\WINDOWS\SYSTEM32\dhcpcsvc6.DLL
0x00007ffdf3b20000 - 0x00007ffdf3b45000 	C:\WINDOWS\SYSTEM32\dhcpcsvc.DLL
0x00007ffdf7cb0000 - 0x00007ffdf7e08000 	C:\WINDOWS\SYSTEM32\DNSAPI.dll
0x00007ffdf8680000 - 0x00007ffdf868d000 	C:\WINDOWS\SYSTEM32\DSPARSE.dll
0x00007ffddd3f0000 - 0x00007ffddd3f9000 	C:\Users\DELL\.gradle\jdks\eclipse_adoptium-17-amd64-windows.2\bin\extnet.dll
0x00007ffdf8ca0000 - 0x00007ffdf8cbb000 	C:\WINDOWS\SYSTEM32\CRYPTSP.dll
0x00007ffdf8220000 - 0x00007ffdf8259000 	C:\WINDOWS\system32\rsaenh.dll
0x00007ffdf8910000 - 0x00007ffdf8944000 	C:\WINDOWS\SYSTEM32\USERENV.dll
0x00007ffdf9540000 - 0x00007ffdf956a000 	C:\WINDOWS\SYSTEM32\bcrypt.dll
0x00007ffdf8ac0000 - 0x00007ffdf8acc000 	C:\WINDOWS\SYSTEM32\CRYPTBASE.dll
0x00007ffddd3e0000 - 0x00007ffddd3ee000 	C:\Users\DELL\.gradle\jdks\eclipse_adoptium-17-amd64-windows.2\bin\sunmscapi.dll
0x00007ffdf9660000 - 0x00007ffdf97df000 	C:\WINDOWS\System32\CRYPT32.dll
0x00007ffdf8e10000 - 0x00007ffdf8e40000 	C:\WINDOWS\SYSTEM32\ncrypt.dll
0x00007ffdf8dc0000 - 0x00007ffdf8dff000 	C:\WINDOWS\SYSTEM32\NTASN1.dll
0x00007ffdbfe80000 - 0x00007ffdbfe88000 	C:\WINDOWS\system32\wshunix.dll

dbghelp: loaded successfully - version: 4.0.5 - missing functions: none
symbol engine: initialized successfully - sym options: 0x614 - pdb path: .;C:\Users\DELL\.gradle\jdks\eclipse_adoptium-17-amd64-windows.2\bin;C:\WINDOWS\SYSTEM32;C:\WINDOWS\WinSxS\amd64_microsoft.windows.common-controls_6595b64144ccf1df_6.0.26100.9549_none_3e0a0396e3330090;C:\Users\DELL\.gradle\jdks\eclipse_adoptium-17-amd64-windows.2\bin\server;C:\Users\DELL\.gradle\native\660c5614fbf4a5f2a75b1949f50a0caf5cd603558e7d8a26e50b933a0cfb79d1\windows-amd64;C:\Users\DELL\.gradle\native\0.2.8\x86_64-windows-gnu

VM Arguments:
jvm_args: --add-opens=java.base/java.lang=ALL-UNNAMED --add-opens=java.base/java.lang.invoke=ALL-UNNAMED --add-opens=java.base/java.util=ALL-UNNAMED --add-opens=java.prefs/java.util.prefs=ALL-UNNAMED --add-exports=jdk.compiler/com.sun.tools.javac.api=ALL-UNNAMED --add-exports=jdk.compiler/com.sun.tools.javac.util=ALL-UNNAMED --add-opens=java.base/java.util=ALL-UNNAMED --add-opens=java.prefs/java.util.prefs=ALL-UNNAMED --add-opens=java.base/java.nio.charset=ALL-UNNAMED --add-opens=java.base/java.net=ALL-UNNAMED --add-opens=java.base/java.util.concurrent=ALL-UNNAMED --add-opens=java.base/java.util.concurrent.atomic=ALL-UNNAMED --add-opens=java.xml/javax.xml.namespace=ALL-UNNAMED --add-opens=java.base/java.time=ALL-UNNAMED -XX:MaxMetaspaceSize=1024m -XX:ReservedCodeCacheSize=256m -XX:ActiveProcessorCount=2 -XX:CICompilerCount=2 -XX:TieredStopAtLevel=1 -Xss1m -Xmx6144m -Dfile.encoding=UTF-8 -Duser.country=US -Duser.language=en -Duser.variant -javaagent:C:\Users\DELL\.gradle\wrapper\dists\gradle-9.3.1-bin\23ovyewtku6u96viwx3xl3oks\gradle-9.3.1\lib\agents\gradle-instrumentation-agent-9.3.1.jar 
java_command: org.gradle.launcher.daemon.bootstrap.GradleDaemon 9.3.1
java_class_path (initial): C:\Users\DELL\.gradle\wrapper\dists\gradle-9.3.1-bin\23ovyewtku6u96viwx3xl3oks\gradle-9.3.1\lib\gradle-daemon-main-9.3.1.jar
Launcher Type: SUN_STANDARD

[Global flags]
      int ActiveProcessorCount                     = 2                                         {product} {command line}
     intx CICompilerCount                          = 2                                         {product} {command line}
   size_t CompressedClassSpaceSize                 = 872415232                                 {product} {ergonomic}
     uint ConcGCThreads                            = 1                                         {product} {ergonomic}
     uint G1ConcRefinementThreads                  = 2                                         {product} {ergonomic}
   size_t G1HeapRegionSize                         = 4194304                                   {product} {ergonomic}
    uintx GCDrainStackTargetSize                   = 64                                        {product} {ergonomic}
   size_t InitialHeapSize                          = 192937984                                 {product} {ergonomic}
   size_t MarkStackSize                            = 4194304                                   {product} {ergonomic}
   size_t MaxHeapSize                              = 6442450944                                {product} {command line}
   size_t MaxMetaspaceSize                         = 1073741824                                {product} {command line}
   size_t MaxNewSize                               = 3862953984                                {product} {ergonomic}
   size_t MinHeapDeltaBytes                        = 4194304                                   {product} {ergonomic}
   size_t MinHeapSize                              = 8388608                                   {product} {ergonomic}
    uintx NonProfiledCodeHeapSize                  = 0                                      {pd product} {ergonomic}
     bool ProfileInterpreter                       = false                                  {pd product} {command line}
    uintx ProfiledCodeHeapSize                     = 0                                      {pd product} {ergonomic}
    uintx ReservedCodeCacheSize                    = 268435456                              {pd product} {command line}
   size_t SoftMaxHeapSize                          = 6442450944                             {manageable} {ergonomic}
   double SweeperThreshold                         = 0.468750                                  {product} {ergonomic}
     intx ThreadStackSize                          = 1024                                   {pd product} {command line}
     intx TieredStopAtLevel                        = 1                                         {product} {command line}
     bool UseCompressedClassPointers               = true                           {product lp64_product} {ergonomic}
     bool UseCompressedOops                        = true                           {product lp64_product} {ergonomic}
     bool UseG1GC                                  = true                                      {product} {ergonomic}
     bool UseLargePagesIndividualAllocation        = false                                  {pd product} {ergonomic}

Logging:
Log output configuration:
 #0: stdout all=warning uptime,level,tags
 #1: stderr all=off uptime,level,tags

Environment Variables:
JAVA_HOME=C:\Program Files\Android\Android Studio\jbr
PATH=C:\Python314\Scripts\;C:\Python314\;C:\WINDOWS\system32;C:\WINDOWS;C:\WINDOWS\System32\Wbem;C:\WINDOWS\System32\WindowsPowerShell\v1.0\;C:\WINDOWS\System32\OpenSSH\;C:\Program Files\nodejs\;C:\ProgramData\chocolatey\bin;C:\Program Files\dotnet\;C:\Program Files\Git\cmd;C:\Users\DELL\AppData\Local\Microsoft\WindowsApps;C:\Users\DELL\AppData\Local\Programs\Microsoft VS Code\bin;C:\Users\DELL\AppData\Roaming\npm;;C:\Program Files\Android\Android Studio\jbr\bin;C:\Users\DELL\AppData\Local\Android\Sdk\platform-tools;C:\Users\DELL\AppData\Local\Android\Sdk\emulator;C:\Users\DELL\AppData\Local\Android\Sdk\cmdline-tools\latest\bin;C:\Users\DELL\AppData\Local\Microsoft\WinGet\Packages\LiveKit.LiveKitCLI_Microsoft.Winget.Source_8wekyb3d8bbwe;C:\Users\DELL\AppData\Local\Programs\Antigravity IDE\bin
USERNAME=DELL
OS=Windows_NT
PROCESSOR_IDENTIFIER=AMD64 Family 25 Model 80 Stepping 0, AuthenticAMD
TMP=C:\Users\DELL\AppData\Local\Temp
TEMP=C:\Users\DELL\AppData\Local\Temp



Periodic native trim disabled


---------------  S Y S T E M  ---------------

OS:
 Windows 11 , 64 bit Build 26100 (10.0.26100.9549)
OS uptime: 9 days 4:26 hours
Hyper-V role detected

CPU: total 12 (initial active 2) (12 cores per cpu, 2 threads per core) family 25 model 80 stepping 0 microcode 0xa500014, cx8, cmov, fxsr, ht, mmx, 3dnowpref, sse, sse2, sse3, ssse3, sse4a, sse4.1, sse4.2, popcnt, lzcnt, tsc, tscinvbit, avx, avx2, aes, erms, clmul, bmi1, bmi2, adx, sha, fma, vzeroupper, clflush, clflushopt, hv
Processor Information for all 12 processors :
  Max Mhz: 2301, Current Mhz: 1904, Mhz Limit: 2301

Memory: 4k page, system-wide physical 11624M (672M free)
TotalPageFile size 48488M (AvailPageFile size 243M)
current process WorkingSet (physical memory assigned to process): 131M, peak: 131M
current process commit charge ("private bytes"): 305M, peak: 306M

vm_info: OpenJDK 64-Bit Server VM (17.0.19+10) for windows-amd64 JRE (17.0.19+10), built on Apr 25 2026 08:04:44 by "admin" with MS VC++ 17.12 (VS2022)

END.
